기업명,날짜,뉴스제목,URL
STX엔진,2024.01.01,케이에스피 주가 룰루랄라~...조선경기 회복세에 매수 들썩,https://www.pinpointnews.co.kr/news/articleView.html?idxno=235621
STX엔진,2024.01.01,부방 주가 훨훨... 글로벌 조선 경기에 훈풍,https://www.pinpointnews.co.kr/news/articleView.html?idxno=235571
STX엔진,2024.01.01,美 2차전지 관련주 급락…韓 테마주에 외국인 코스모화학 '팔고' 에스코...,https://www.thekpm.com/news/articleView.html?idxno=186006
STX엔진,2024.01.03,"""기업 구조조정 큰 장 선다…받아줄 하수도 확충해야""",http://www.edaily.co.kr/news/newspath.asp?newsid=01305446638754112
STX엔진,2024.01.03,"HD현대중공업, 조선 상장기업 1월...1위",http://www.beyondpost.co.kr/view.php?ud=202401030859161146a9e4dd7f_30
STX엔진,2024.01.03,"조선사 브랜드평판, HD현대중공업·삼성중공업 순",https://www.straightnews.co.kr/news/articleView.html?idxno=243277
STX엔진,2024.01.03,1위 HD현대중공업·2위 삼성중공업·3위 HD한...,https://www.gukjenews.com/news/articleView.html?idxno=2892287
STX엔진,2024.01.03,"HD현대중공업, 조선 상장기업 브랜드평판 1월 빅데이터 분석 톱",http://www.thebigdata.co.kr/view.php?ud=20240103081346410907d270612f_23
STX엔진,2024.01.03,"조선 상장기업 2024년 1월 빅데이터 1위 HD현대중공업, 2위...",https://www.cbci.co.kr/news/articleView.html?idxno=456172
STX엔진,2024.01.03,"HD현대중공업, 조선 브랜드평판 1위···삼성중공업·HD한국조선해양 뒤...",http://www.enetnews.co.kr/news/articleView.html?idxno=18768
STX엔진,2024.01.03,"조선 상장기업 브랜드평판 1월 빅데이터 분석결과...1위 HD현대중공업, ...",http://www.wsobi.com/news/articleView.html?idxno=226892
STX엔진,2024.01.03,한화시스템 주가 훨훨...호실적 기대감에 매수 활활,https://www.pinpointnews.co.kr/news/articleView.html?idxno=236138
STX엔진,2024.01.04,HSD엔진 주가 콧노래...조선 엔진업 시장 공급자 우위로,https://www.pinpointnews.co.kr/news/articleView.html?idxno=236368
STX엔진,2024.01.04,1위 삼성중공업 주가·2위 한화오션 주가·3위 현대미포조선 주가 1월 1...,http://www.stardailynews.co.kr/news/articleView.html?idxno=431419
STX엔진,2024.01.04,아이쓰리시스템 주가 들썩...미국 로봇업체 고스트로보틱스 지분 왜?,https://www.pinpointnews.co.kr/news/articleView.html?idxno=236401
STX엔진,2024.01.05,"한양대학교, K9 자주포용 1000마력급 엔진부품 국산화 연구개발 참여",https://www.lecturernews.com/news/articleView.html?idxno=143878
STX엔진,2024.01.05,꽃피운 K방산…국산화 숙원 이뤄 수출 효자로 키운다,https://economist.co.kr/article/view/ecn202401030019
STX엔진,2024.01.08,1285억 규모 엔진조립체 물품 구매계약,http://www.newsis.com/view/?id=NISX20240108_0002584719&cID=15001&pID=15000
STX엔진,2024.01.08,한화에어로스페이스와 1285억 규모 공급계약 체결,http://news.heraldcorp.com/view.php?ud=20240108000526
STX엔진,2024.01.08,한화에어로스페이스와 1285억 규모 공급계약 체결,https://www.dnews.co.kr/uhtml/view.jsp?idxno=202401081442035840508
STX엔진,2024.01.08,금호건설 /  / HD현대중공업 등,https://www.mk.co.kr/article/10916375
STX엔진,2024.01.08,한화에어로스페이스에 1285억원 엔진조립체 물품 공급,https://www.smarttoday.co.kr/news/articleView.html?idxno=41316
STX엔진,2024.01.08,기업공시,https://www.sedaily.com/NewsView/2D406IWI76
STX엔진,2024.01.08,북한 해안포 사격에...퍼스텍ㆍ빅텍 등 상승랠리 지속되나,https://www.pinpointnews.co.kr/news/articleView.html?idxno=236997
STX엔진,2024.01.08,한진‧한화오션‧LG전자 등,https://www.etoday.co.kr/news/view/2319138
STX엔진,2024.01.09,“전통 주력산업 구조조정에 민간 관심 줄어⋯정부 지원 필요...,https://biz.chosun.com/stock/finance/2024/01/09/GEBYQK5QJZHXDIXNP3LFBLLKVA/?utm_source=naver&utm_medium=original&utm_campaign=biz
STX엔진,2024.01.09,"美 증시, 기술주·반도체주 반등에 상승...",https://www.news2day.co.kr/article/20240108500213
STX엔진,2024.01.09,1월 8일 주식시장 주요공시,https://www.nbnews.kr/news/articleView.html?idxno=85201
STX엔진,2024.01.09,1월 9일 개장 전 주요공시,http://www.seoulfn.com/news/articleView.html?idxno=506947
STX엔진,2024.01.10,STX중공업 주가 꿈틀...419억 규모 선박엔진 공급 계약 실적개선 '모락모...,https://www.pinpointnews.co.kr/news/articleView.html?idxno=237628
STX엔진,2024.01.10,"방위산업·전쟁·테러 관련주, '봄바람' 빅텍·비유테크놀러지·한화시...",https://www.thekpm.com/news/articleView.html?idxno=187130
STX엔진,2024.01.10,"1위 삼성중공업 주가, 2위 한화오션 주가, 3위 현대미포조선 주가... 1월...",https://www.cwn.kr/news/articleView.html?idxno=22582
STX엔진,2024.01.10,비유테크놀러지 주가 신바람 났네...소형무장헬기 정비훈련장비 사업 대...,https://www.pinpointnews.co.kr/news/articleView.html?idxno=237595
STX엔진,2024.01.11,에이스테크 주가 방긋...방위산업 관련주에 매수 후끈,https://www.pinpointnews.co.kr/news/articleView.html?idxno=237792
STX엔진,2024.01.12,"풍산 주가 방긋...""전기동 가격 상승 가능성""",https://www.pinpointnews.co.kr/news/articleView.html?idxno=238140
STX엔진,2024.01.12,1위 삼성중공업 주가·2위 한화오션 주가·3위 현대미포조선 주가 1월 2...,http://www.stardailynews.co.kr/news/articleView.html?idxno=432105
STX엔진,2024.01.12,태광 주가 고개... 사우디 자푸라 프로젝트 등 대규모 프로젝트 주목,https://www.pinpointnews.co.kr/news/articleView.html?idxno=238148
STX엔진,2024.01.14,"특색 있는 학과 '뜬다'… ""희소성·전문성이 경쟁력""",http://www.metroseoul.co.kr/article/20240114500135
STX엔진,2024.01.14,"희소성·전문성이 경쟁력, 특색 있는 학과 ‘뜬다’",http://news.heraldcorp.com/view.php?ud=20240114000176
STX엔진,2024.01.14,한일단조 주가 다시 꿈틀... 외국인은 5거래일 왕성한 매수,https://www.pinpointnews.co.kr/news/articleView.html?idxno=238420
STX엔진,2024.01.14,항공 엔지니어 변신한 문화재 발굴 연구원,https://www.hankyung.com/article/2024011430931
STX엔진,2024.01.14,폴리텍대 신입생 모집,http://www.labortoday.co.kr/news/articleView.html?idxno=219281
STX엔진,2024.01.14,"'항공정비·나노측정' 특색 있는 학과 뜬다…""희소성이 경쟁력""",https://www.ajunews.com/view/20240114162002203
STX엔진,2024.01.15,HD한국조선해양 주가 신바람...외국인은 대량매수 '군불 때기',https://www.pinpointnews.co.kr/news/articleView.html?idxno=238636
STX엔진,2024.01.15,문화재 발굴하다 항공기 정비사로...터닝포인트 된 '이 선택',http://www.jibs.co.kr/news/articles/articlesDetail/36544?feed=na
STX엔진,2024.01.16,"빅텍 주가 기세등등... 北 ""대한민국 더이상 통일 상대로 여기는 것은 시...",https://www.pinpointnews.co.kr/news/articleView.html?idxno=238846
STX엔진,2024.01.17,"방위산업·전쟁·테러 관련주, '맑고화창' 에이스테크·빅텍·스페코·한...",https://www.thekpm.com/news/articleView.html?idxno=187727
STX엔진,2024.01.17,퍼스텍 주가 방긋...남북간 긴장 고조에 매수 몰려,https://www.pinpointnews.co.kr/news/articleView.html?idxno=239076
STX엔진,2024.01.17,"1위 삼성중공업 주가, 2위 한화오션 주가, 3위 현대미포조선 주가... 1월...",https://www.cwn.kr/news/articleView.html?idxno=23312
STX엔진,2024.01.18,"경남도, 창원국가산단 미래50년 준비를 위한 기업간담회 개최",https://www.viva100.com/main/view.php?key=20240118010006065
STX엔진,2024.01.18,"경남도, 창원국가산단 미래 50년 준비 위한 기업간담회 개최",http://www.enewstoday.co.kr/news/articleView.html?idxno=2080756
STX엔진,2024.01.18,"경남도, 창원국가산단 미래50년 준비 위한 기업간담회 개최",http://www.gndomin.com/news/articleView.html?idxno=379956
STX엔진,2024.01.19,1위 삼성중공업 주가·2위 한화오션 주가·3위 현대미포조선 주가 1월 3...,http://www.stardailynews.co.kr/news/articleView.html?idxno=432926
STX엔진,2024.01.19,남해안 관광개발 핵심 프로젝트 발굴 용역 착수보고회 등,https://www.asiatime.co.kr/article/20240119500156
STX엔진,2024.01.20,에이스테크 주가 초강세...새해 들어 남북간 긴장 고조,https://www.pinpointnews.co.kr/news/articleView.html?idxno=239826
STX엔진,2024.01.23,주가 꿈틀...한화에어로스페이스와 무슨 일이?,https://www.pinpointnews.co.kr/news/articleView.html?idxno=240408
STX엔진,2024.01.24,1위 대한항공 주가·2위 한화에어로스페이스 주가·3위 한화시스템 주가...,http://www.stardailynews.co.kr/news/articleView.html?idxno=433387
STX엔진,2024.01.24,"1위 삼성중공업 주가, 2위 한화오션 주가, 3위 현대미포조선 주가... 1월...",https://www.cwn.kr/news/articleView.html?idxno=24210
STX엔진,2024.01.26,1위 삼성중공업 주가·2위 한화오션 주가·3위 현대미포조선 주가 1월 4...,http://www.stardailynews.co.kr/news/articleView.html?idxno=433732
STX엔진,2024.01.26,케이에스피 주가 힘차게 노젓는다...영업이익 240% 폭증,https://www.pinpointnews.co.kr/news/articleView.html?idxno=241098
STX엔진,2024.01.31,한국카본 주가 다시 움직이나... 안정적 수주물량 실적개선 '봄바람',https://www.pinpointnews.co.kr/news/articleView.html?idxno=242273
STX엔진,2024.01.31,"1위 삼성중공업 주가, 2위 한화오션 주가, 3위 현대미포조선 주가... 1월...",https://www.cwn.kr/news/articleView.html?idxno=25038
STX엔진,2024.01.31,윌링스 주가 질주...새로운 투자자 유치 등 자금 조달 사활,https://www.pinpointnews.co.kr/news/articleView.html?idxno=242185
STX엔진,2024.02.01,현대로템 주가 다시 달궈지나...영업이익 등 호실적에 매수 후끈,https://www.pinpointnews.co.kr/news/articleView.html?idxno=242380
STX엔진,2024.02.01,"방위산업·전쟁 및 테러 관련주, '웃음' 에이스테크·한화·기아·빅텍·...",https://www.pinpointnews.co.kr/news/articleView.html?idxno=242699
STX엔진,2024.02.02,"HD현대중공업, 조선 상장기업 2월...1위",http://www.beyondpost.co.kr/view.php?ud=20240202090711118746a9e4dd7f_30
STX엔진,2024.02.02,1위 HD현대중공업·2위 HD한국조선해양·3위...,https://www.gukjenews.com/news/articleView.html?idxno=2913735
STX엔진,2024.02.02,"HD현대중공업, 2월 조선 상장기업 브랜드평판 1위…2위 HD한국조선해양...",https://www.yeongnam.com/web/view.php?key=20240202001117042
STX엔진,2024.02.02,"조선 상장기업 2024년 2월 빅데이터 1위 HD현대중공업, 2위...",https://www.cbci.co.kr/news/articleView.html?idxno=458113
STX엔진,2024.02.02,"HD현대중공업, 조선 상장기업 브랜드평판 2월 톱…HD한국조선해양·삼성...",http://www.thebigdata.co.kr/view.php?ud=2024020207273930207d270612f_23
STX엔진,2024.02.02,"조선 상장기업 브랜드평판 2월 빅데이터 분석결과...1위 HD현대중공업, ...",http://www.wsobi.com/news/articleView.html?idxno=230052
STX엔진,2024.02.02,"1위 삼성중공업 주가·2위 한화오션 주가·3위 현대미포조선 주가, 1월 ...",https://www.stardailynews.co.kr/news/articleView.html?idxno=434475
STX엔진,2024.02.02,"HD현대중공업, 조선 기업 브랜드평판 1위···HD한국조선해...",http://www.enetnews.co.kr/news/articleView.html?idxno=20145
STX엔진,2024.02.03,덕산하이메탈 주가 덩실덩실...국립부경대학교와 업무협약 내용은?,https://www.pinpointnews.co.kr/news/articleView.html?idxno=243166
STX엔진,2024.02.05,케이에스피 주가 방긋...외국인과 기관 쌍끌이 대량매수 폭발,https://www.pinpointnews.co.kr/news/articleView.html?idxno=243493
STX엔진,2024.02.06,동성화인텍 주가 기지개...4분기 영업이익 흑자전환 '파란불',https://www.pinpointnews.co.kr/news/articleView.html?idxno=243795
STX엔진,2024.02.07,함정용 엔진 국산화 관건은?,http://news.heraldcorp.com/view.php?ud=20240207000804
STX엔진,2024.02.07,"1위 삼성중공업 주가, 2위 한화오션 주가, 3위 HSD엔진 주가... 2월 1주차...",https://www.cwn.kr/news/articleView.html?idxno=25860
STX엔진,2024.02.07,"""윤 정권 변하지 않으면 국민 투쟁으로 끌어내리는 수밖에""",https://www.ohmynews.com/NWS_Web/View/at_pg.aspx?CNTN_CD=A0003000744&CMPT_CD=P0010&utm_source=naver&utm_medium=newsearch&utm_campaign=naver_news
STX엔진,2024.02.07,코츠테크놀로지 주가 훨훨...원익피앤이와 공급계약 실적개선 봄바람 부...,https://www.pinpointnews.co.kr/news/articleView.html?idxno=244045
STX엔진,2024.02.07,"메디콕스 주가 기지개... ""2029년까지 연 매출 약 1362억원 달성 계획""",https://www.pinpointnews.co.kr/news/articleView.html?idxno=244154
STX엔진,2024.02.08,"방위산업·전쟁·테러 관련주, '봄꽃만개' 한화·현대로템·기아·한화시...",https://www.pinpointnews.co.kr/news/articleView.html?idxno=244219
STX엔진,2024.02.10,"美 2차전지 관련주 급등, 韓 테마주에 외국인·기관 쌍끌이 매수 종목…...",https://www.pointdaily.co.kr/news/articleView.html?idxno=190230
STX엔진,2024.02.11,"獨 허가받고 수출하던 K-9 자주포, 국산엔진 달고 수출길 '활짝'",https://www.yna.co.kr/view/AKR20240210025500003?input=1195m
STX엔진,2024.02.11,美 엔비디아·퀄컴·인텔·AMD 등 반도체 관련주 강세…韓 테마주에 외국...,https://www.pointdaily.co.kr/news/articleView.html?idxno=190250
STX엔진,2024.02.13,1위 삼성중공업 주가·2위 한화오션 주가·3위 HSD엔진 주가 2월 1주차 업...,https://www.stardailynews.co.kr/news/articleView.html?idxno=435766
STX엔진,2024.02.13,빠질만큼 빠졌다?...화인베스틸 주가 휘파람,https://www.pinpointnews.co.kr/news/articleView.html?idxno=245115
STX엔진,2024.02.14,"1위 삼성중공업 주가, 2위 한화오션 주가, 3위 HSD엔진 주가... 2월 2주차...",https://www.cwn.kr/news/articleView.html?idxno=26389
STX엔진,2024.02.15,"방위산업·전쟁·테러 관련주, '상승' 빅텍·한화에어로스페이스·LIG넥...",https://www.pinpointnews.co.kr/news/articleView.html?idxno=245606
STX엔진,2024.02.16,1위 삼성중공업 주가·2위 한화오션 주가·3위 HSD엔진 주가 2월 2주차 업...,https://www.stardailynews.co.kr/news/articleView.html?idxno=436175
STX엔진,2024.02.19,"방위산업·전쟁·테러 관련주, '웃음' 에이스테크·비유테크놀러지·현...",https://www.pointdaily.co.kr/news/articleView.html?idxno=190951
STX엔진,2024.02.19,이엠코리아 주가 꿈틀...초전도 중성자 개발 국가핵융합연구소에 납품,https://www.pinpointnews.co.kr/news/articleView.html?idxno=246587
STX엔진,2024.02.19,2월 16일 주식시장 주요공시,https://www.nbnews.kr/news/articleView.html?idxno=87557
STX엔진,2024.02.21,지난해 영업익 189억…흑자전환,http://news.heraldcorp.com/view.php?ud=20240221050675
STX엔진,2024.02.21,비엠티 주가 휘파람...해외 유수기업과 손잡고 강소기업 자리매김,https://www.pinpointnews.co.kr/news/articleView.html?idxno=247135
STX엔진,2024.02.21,"1위 삼성중공업 주가, 2위 한화오션 주가, 3위 현대미포조선 주가... 2월...",https://www.cwn.kr/news/articleView.html?idxno=27151
STX엔진,2024.02.22,주가 급등…방산부문 호조에 지난해 '흑자전환',http://www.thebigdata.co.kr/view.php?ud=202402220500426439cd1e7f0bdf_23
STX엔진,2024.02.22,LIG넥스원 주가 기세등등...외국인은 13만주 이상 폭풍매집,https://www.pinpointnews.co.kr/news/articleView.html?idxno=247276
STX엔진,2024.02.22,"국내증시 상승 출발… 코스닥, 앤씨앤 등 반도체주 '上'",https://www.lcnews.co.kr/news/articleView.html?idxno=69861
STX엔진,2024.02.22,"방위산업·전쟁·테러 관련주, '봄날' 현대로템·풍산·에이스테크·퍼스...",https://www.pointdaily.co.kr/news/articleView.html?idxno=191390
STX엔진,2024.02.23,"“독자엔진 통한 기술자립, 멈추지 않는 R&D 결과""",http://www.edaily.co.kr/news/newspath.asp?newsid=01344806638793472
STX엔진,2024.02.23,오늘부터 비대면 진료 전면 허용...유비케어 '급등' [권영훈의 증시뉴스...,https://www.wowtv.co.kr/NewsCenter/News/Read?articleId=A202402230129&t=NNv
STX엔진,2024.02.23,1위 삼성중공업 주가·2위 한화오션 주가·3위 현대미포조선 주가 2월 3...,https://www.stardailynews.co.kr/news/articleView.html?idxno=437044
STX엔진,2024.02.26,한화엔진 출범 '초읽기'…선박 분야 계열사 시너지 기대,http://www.srtimes.kr/news/articleView.html?idxno=152128
STX엔진,2024.02.26,2월 23일 주식시장 주요공시,https://www.nbnews.kr/news/articleView.html?idxno=87984
STX엔진,2024.02.27,한화에어로스페이스 주가 폭등랠리...시장 예상 매출과 영업이익 초과 ...,https://www.pinpointnews.co.kr/news/articleView.html?idxno=248424
STX엔진,2024.02.27,"방위산업·전쟁·테러 관련주, '함박웃음' 한화시스템·한화에어로스페...",https://www.pointdaily.co.kr/news/articleView.html?idxno=191838
STX엔진,2024.02.27,세진중공업 주가 휘파람...영업이익 매출액 등 수익성 개선 기대,https://www.pinpointnews.co.kr/news/articleView.html?idxno=248428
STX엔진,2024.02.27,대양전기공업 주가 힘찬 뱃노래... 조선업황 회복 싸이클 타고 실적 반...,https://www.pinpointnews.co.kr/news/articleView.html?idxno=248409
STX엔진,2024.02.28,HSD엔진 주가 콧노래...기관과 외국인은 10만주 이상 사들여,https://www.pinpointnews.co.kr/news/articleView.html?idxno=248694
STX엔진,2024.02.28,"1위 삼성중공업 주가·2위 한화오션 주가·3위 현대미포조선 주가, 2월 ...",https://www.cwn.kr/news/articleView.html?idxno=28171
STX엔진,2024.02.29,"1위 삼성중공업·2위 한화오션·3위 현대미포조선, 2월 4주차 업종별 주...",https://www.raonnews.com/news/article.html?no=35393
STX엔진,2024.02.29,오리엔탈정공 주가 룰루랄라~...커지는 조선기자재 시장 부각,https://www.pinpointnews.co.kr/news/articleView.html?idxno=249003
STX엔진,2024.03.01,'HSD엔진' 품에 안은 한화…친환경 선박 상용화 속도낸다,http://www.inews24.com/view/1692356
STX엔진,2024.03.01,"1위 삼성중공업 주가·2위 한화오션 주가·3위 현대미포조선 주가, 2월 ...",https://www.stardailynews.co.kr/news/articleView.html?idxno=438046
STX엔진,2024.03.01,케이프 주가 힘찬 괴성... 조선 업황 본격 회복 '솔솔',https://www.pinpointnews.co.kr/news/articleView.html?idxno=249121
STX엔진,2024.03.02,스페코 주가 들썩...건설장비 사업 등 실적개선 훈풍부나,https://www.pinpointnews.co.kr/news/articleView.html?idxno=249353
STX엔진,2024.03.03,"방위산업·전쟁 및 테러 관련주, '봄날' 빅텍·대한항공·에이스테크·기...",https://www.pointdaily.co.kr/news/articleView.html?idxno=192230
STX엔진,2024.03.04,"한화에어로  중동 수출 ‘사정권’, 방산주 실적 모멘텀 점증 기...",https://www.businesspost.co.kr/BP?command=article_view&num=344373
STX엔진,2024.03.04,"‘선박 엔진’ 절대강자 HD현중, 친환경에서 더 앞서간다 [대한민국 조...",http://www.fntimes.com/html/view.php?ud=202403032259462539dd55077bc2_18
STX엔진,2024.03.04,"""K9 자주포 중동 수출 가능성↑…최선호주는 한화에어로""-한국",https://www.hankyung.com/article/2024030440956
STX엔진,2024.03.04,비즈니스포스트 아침의 주요기사,https://www.businesspost.co.kr/BP?command=article_view&num=344411
STX엔진,2024.03.04,"한국투자증권 ""방산주, 중동 수출 가능성 주목""",http://www.choicenews.co.kr/news/articleView.html?idxno=127543
STX엔진,2024.03.05,휴니드 주가 초강세... 글로벌 군 통신시장 공략 주목,https://www.pinpointnews.co.kr/news/articleView.html?idxno=250019
STX엔진,2024.03.05,1위 HD현대중공업·2위 삼성중공업·3위 HD한...,https://www.gukjenews.com/news/articleView.html?idxno=2936385
STX엔진,2024.03.05,"조선 상장기업 2024년 3월 빅데이터 1위 HD현대중공업, 2위...",https://www.cbci.co.kr/news/articleView.html?idxno=459904
STX엔진,2024.03.05,"HD현대중공업, 조선 상장기업 브랜드평판 3월 빅데이터 분석 1위…삼성...",http://www.thebigdata.co.kr/view.php?ud=20240305072513789107d270612f_23
STX엔진,2024.03.05,"조선 상장기업 브랜드평판 3월 빅데이터 분석결과...1위 HD현대중공업, ...",http://www.wsobi.com/news/articleView.html?idxno=232918
STX엔진,2024.03.05,"HD현대중공업, 조선 상장기업 3월 1위···삼성중공업·H...",http://www.enetnews.co.kr/news/articleView.html?idxno=21369
STX엔진,2024.03.06,LIG넥스원 주가 훨훨... 현대 전장의 게임체인저로 부각 되는 것은?,https://www.pinpointnews.co.kr/news/articleView.html?idxno=250262
STX엔진,2024.03.06,"조선사 브랜드평판, HD현대중공업·삼성중공업·HD한국조선해양 순",https://www.straightnews.co.kr/news/articleView.html?idxno=245872
STX엔진,2024.03.06,"1위 삼성중공업 주가·2위 한화오션 주가·3위 현대미포조선 주가, 3월 ...",https://www.cwn.kr/news/articleView.html?idxno=29002
STX엔진,2024.03.07,"HD현대, STX중공업 기업결합 신청에 조선업계 “경쟁제한 우려” 의견",https://biz.chosun.com/topics/law_firm/2024/03/07/ZPXBCR3BSFA4JCJJSFP6RZNWZQ/?utm_source=naver&utm_medium=original&utm_campaign=biz
STX엔진,2024.03.07,"1위 삼성중공업·2위 한화오션·3위 현대미포조선, 3월 1주차 업종별 주...",https://www.raonnews.com/news/article.html?no=36107
STX엔진,2024.03.07,인화정공 주가 힘받는다... 합자회사 지분 취득 주목,https://www.pinpointnews.co.kr/news/articleView.html?idxno=250505
STX엔진,2024.03.08,"1위 삼성중공업 주가·2위 한화오션 주가·3위 현대미포조선 주가, 3월 ...",https://www.stardailynews.co.kr/news/articleView.html?idxno=438986
STX엔진,2024.03.11,세진중공업 주가 으랏차차...확대되는 탱커 시장 속 기자재 업체중 최선...,https://www.pinpointnews.co.kr/news/articleView.html?idxno=251193
STX엔진,2024.03.12,코츠테크놀로지 주가 고공행진...천궁Ⅱ 등 유럽향 수출 확대,https://www.pinpointnews.co.kr/news/articleView.html?idxno=251262
STX엔진,2024.03.12,"방위산업·전쟁·테러 관련주, '맑음' 우리기술·비유테크놀러지·한화...",https://www.pointdaily.co.kr/news/articleView.html?idxno=193350
STX엔진,2024.03.13,HD현대·한화 선박엔진까지 접수···업계는 '난색' 왜?,http://www.enewstoday.co.kr/news/articleView.html?idxno=2101284
STX엔진,2024.03.13,"1위 삼성중공업 주가·2위 한화오션 주가·3위 현대미포조선 주가, 3월 ...",https://cwn.kr/article/1065593019085550
STX엔진,2024.03.14,상상인인더스트리·삼성중공업·현대힘스·한화오션 등 조선주 '훨훨'…...,https://www.yeongnam.com/web/view.php?key=20240314001054081
STX엔진,2024.03.14,"방위산업·전쟁·테러 관련주, '봄날의 햇살' 에스코넥·우리기술·비유...",https://www.pointdaily.co.kr/news/articleView.html?idxno=193626
STX엔진,2024.03.14,현대힘스 주가 힘찬 뱃고동 소리...조선 블록 사외제작사 중 국내 최대...,https://www.pinpointnews.co.kr/news/articleView.html?idxno=251957
STX엔진,2024.03.15,3년 만에 조직개편 단행…배경은,https://www.thebell.co.kr/free/content/ArticleView.asp?key=202403121640484920105813
STX엔진,2024.03.15,"방위산업·전쟁·테러 관련주, '상승' 우리기술·에스코넥·한화오션·S...",https://www.pointdaily.co.kr/news/articleView.html?idxno=193800
STX엔진,2024.03.15,"1위 삼성중공업 주가·2위 한화오션 주가·3위 현대미포조선 주가, 3월 ...",https://www.stardailynews.co.kr/news/articleView.html?idxno=440064
STX엔진,2024.03.15,상상인인더스트리 주가 불꽃랠리... 조선기자재 시장 성장률은?,https://www.pinpointnews.co.kr/news/articleView.html?idxno=252178
STX엔진,2024.03.17,상상인인더스트리 주가 초강세...조선 업황 본격 회복 '솔솔',https://www.pinpointnews.co.kr/news/articleView.html?idxno=252446
STX엔진,2024.03.18,K-9 엔진 개발·軍 레이더 성능개선… 방산으로 부활 꿈꾸는,https://biz.chosun.com/industry/company/2024/03/18/XC26JOJEF5D2PGYDZ25FXFKTZE/?utm_source=naver&utm_medium=original&utm_campaign=biz
STX엔진,2024.03.18,K9자주포 엔진 국산화한 이 기업…레이더 성능개선 돌입,https://www.asiatime.co.kr/article/20240318500112
STX엔진,2024.03.18,"1Q 업종 실적 기상도, '맑음' 업종은?",https://www.itooza.com/common/iview.php?no=2024031807501516671
STX엔진,2024.03.18,"동성화인테 주가 신바람...""수주잔고 4년치 물량 채웠다""",https://www.pinpointnews.co.kr/news/articleView.html?idxno=252630
STX엔진,2024.03.18,"코스피, 기관 매수로 2680대 재탈환···2차전지·바이오 '강세'",http://www.enewstoday.co.kr/news/articleView.html?idxno=2103199
STX엔진,2024.03.18,"방위산업·전쟁·테러 관련주, '맑음' 한화오션·풍산·한화시스템·현대...",https://www.pointdaily.co.kr/news/articleView.html?idxno=194114
STX엔진,2024.03.18,"1위 삼성중공업·2위 한화오션·3위 현대미포조선, 3월 3주차 조선 부문...",http://www.srtimes.kr/news/articleView.html?idxno=153262
STX엔진,2024.03.20,"1위 삼성중공업 주가·2위 한화오션 주가·3위 현대미포조선 주가, 3월 ...",https://cwn.kr/article/1065571521608396
STX엔진,2024.03.20,동방선기 주가 환호성... 영업이익 등 폭증에 실적호전 지속 '솔솔',https://www.pinpointnews.co.kr/news/articleView.html?idxno=253248
STX엔진,2024.03.20,HD현대중공업 주가 힘찬 뱃고동...국내외 함정 사업 강화로 실적훈풍 '모...,https://www.pinpointnews.co.kr/news/articleView.html?idxno=253169
STX엔진,2024.03.21,"대성하이텍 주가 꿈틀...""기업가치에 비해 너무 떨어졌다""",https://www.pinpointnews.co.kr/news/articleView.html?idxno=253479
STX엔진,2024.03.21,"외국인, 변압기 제작사 순매수",https://www.mk.co.kr/article/10970941
STX엔진,2024.03.21,외국인이 선호한 종목 1위 삼성전자 주가·2위 KODEX 코스닥150선물인버...,https://cwn.kr/article/1065573302670085
STX엔진,2024.03.21,"방위산업·전쟁·테러 관련주, '미소가득' 삼현, 에이스테크, 우리기술...",https://www.pointdaily.co.kr/news/articleView.html?idxno=194629
STX엔진,2024.03.22,현대로템 주가 덩실덩실...GTX-C 양주시 덕정역~수원역 부각,https://www.pinpointnews.co.kr/news/articleView.html?idxno=253789
STX엔진,2024.03.22,"3/21 외국인 순매수 상위 종목 기술력, '고평가' HLB·에코프로비엠·SK하...",https://www.pointdaily.co.kr/news/articleView.html?idxno=194652
STX엔진,2024.03.22,"1위 삼성중공업 주가·2위 한화오션 주가·3위 현대미포조선 주가, 3월 ...",https://www.stardailynews.co.kr/news/articleView.html?idxno=441324
STX엔진,2024.03.23,쎄트렉아이 주가 다시 일어서나... 지구 관측 서비스 시장 도전장,https://www.pinpointnews.co.kr/news/articleView.html?idxno=253933
STX엔진,2024.03.24,"방위산업·전쟁·테러 관련주, '웃음' 삼현·에이스테크·현대로템·한화...",https://www.pointdaily.co.kr/news/articleView.html?idxno=194821
STX엔진,2024.03.25,국내 방산기업 경영지표로 보는 도전과제와 제안,http://www.newsroad.co.kr/news/articleView.html?idxno=28173
STX엔진,2024.03.26,HD한국조선해양 주가 힘찬 뱃고동...벌써 연간 목표 수주액 65%가량 달성,https://www.pinpointnews.co.kr/news/articleView.html?idxno=254510
STX엔진,2024.03.26,1위 삼성중공업·2위 한화오션·3위 현대힘스…3월 4주차 조선 부문 주식...,http://www.srtimes.kr/news/articleView.html?idxno=153662
STX엔진,2024.03.27,"1위 삼성중공업 주가·2위 한화오션 주가·3위 현대미포조선 주가, 3월 ...",https://cwn.kr/article/1065571509072409
STX엔진,2024.03.27,현대힘스 주가 초강세... 미-중 조선업 갈등 수혜 전망,https://www.pinpointnews.co.kr/news/articleView.html?idxno=254621
STX엔진,2024.03.28,흑자 전환 성공···‘선박·K-방산·전자’ 선도한다,https://www.ebn.co.kr/news/view/1617588/?sc=Naver
STX엔진,2024.03.29,'K방산' 타고  실적개선…이상수 대표 연임 성공,http://www.edaily.co.kr/news/newspath.asp?newsid=01275926638828240
STX엔진,2024.03.29,"현대로템 주가 으랏차차...""완벽한 품질 확보와 글로벌 시장 대응체계 ...",https://www.pinpointnews.co.kr/news/articleView.html?idxno=255361
STX엔진,2024.03.29,"1위 삼성중공업 주가·2위 한화오션 주가·3위 현대미포조선 주가, 3월 ...",https://www.stardailynews.co.kr/news/articleView.html?idxno=442681
STX엔진,2024.03.31,STX 주가 불끈... 외국인 대량매도는 '경계령',https://www.pinpointnews.co.kr/news/articleView.html?idxno=255783
STX엔진,2024.03.31,"박정원‧정기선‧김동관, '육-해-공 엔진 시장' 본격 3파전",http://www.g-enews.com/ko-kr/news/article/news_all/202403311231025991a67d2c7d5a_1/article.html
STX엔진,2024.04.01,"미래엔그룹, 2024년 신규 임원 인사 단행",https://it.chosun.com/news/articleView.html?idxno=2023092112888
STX엔진,2024.04.01,"미래엔그룹, 2024년 신규 임원 인사 단행",https://news.mtn.co.kr/news-detail/2024040115153934446
STX엔진,2024.04.01,"미래엔그룹, 2024년 신규 임원 인사 단행",http://www.m-i.kr/news/articleView.html?idxno=1107236
STX엔진,2024.04.01,"미래엔그룹, 영실업 강철구 대표 선임…임원 인사 단행",http://www.shinailbo.co.kr/news/articleView.html?idxno=1851927
STX엔진,2024.04.01,"미래엔그룹, 2024년 신규 임원인사 단행",http://www.biztribune.co.kr/news/articleView.html?idxno=308409
STX엔진,2024.04.01,"1위 삼성중공업 주가·2위 한화오션 주가·3위 현대미포조선 주가, 3월 ...",https://www.ekn.kr/web/view.php?key=20240329029465038
STX엔진,2024.04.01,1위 삼성중공업·2위 한화오션·3위 현대미포조선…4월 1주차 조선주 트...,http://www.srtimes.kr/news/articleView.html?idxno=154041
STX엔진,2024.04.02,주가에 올라탈까...1년 만에 영업이익 턴어라운드,https://www.pinpointnews.co.kr/news/articleView.html?idxno=256284
STX엔진,2024.04.02,"HD현대중공업, 조선 상장기업 브랜드평판 4월...1위",http://www.beyondpost.co.kr/view.php?ud=20240402083725116646a9e4dd7f_30
STX엔진,2024.04.02,조선 상장기업 2024년 4월 빅데이터 1위 HD현대중공업 2위...,https://www.cbci.co.kr/news/articleView.html?idxno=463547
STX엔진,2024.04.02,"미래엔 에듀케어, ‘기획·재무통’ 한범석 신임대표 선임",http://news.bizwatch.co.kr/article/governance/2024/04/02/0008
STX엔진,2024.04.02,"HD현대중공업, 조선 상장기업 4월 1위···HD한국조선해양...",https://www.enetnews.co.kr/news/articleView.html?idxno=22548
STX엔진,2024.04.02,한화에어로스페이스 주가 휘파람...방위·우주항공에 집중 인적분할 추...,https://www.pinpointnews.co.kr/news/articleView.html?idxno=256289
STX엔진,2024.04.02,"HD현대중공업, 조선 상장기업 브랜드평판 4월 톱…HD한국조선해양·삼성...",http://www.thebigdata.co.kr/view.php?ud=20240402073426263007d270612f_23
STX엔진,2024.04.02,세진중공업 주가 휘파람... 국내 첫 액화이산화탄소 탱크 수주 '잭팟',https://www.pinpointnews.co.kr/news/articleView.html?idxno=256285
STX엔진,2024.04.03,1위 HD현대중공업·2위 HD한국조선해양·3위...,https://www.gukjenews.com/news/articleView.html?idxno=2959709
STX엔진,2024.04.03,비엠티 주가 뜀박질... '파딜리 가스증설 프로그램' 공사 수주 부각,https://www.pinpointnews.co.kr/news/articleView.html?idxno=256622
STX엔진,2024.04.03,HD현대중공업 주가 힘찬 뱃노래...페루 함정 건조 프로젝트 사업자 부각,https://www.pinpointnews.co.kr/news/articleView.html?idxno=256408
STX엔진,2024.04.04,STX중공업 주가 힘찬 뱃고동... 기관은 20거래일 쓸어 담았다,https://www.pinpointnews.co.kr/news/articleView.html?idxno=256669
STX엔진,2024.04.04,창원성산 TV토론 날선 자질검증…마이크 꺼져도 설전,https://www.nocutnews.co.kr/news/6124292?utm_source=naver&utm_medium=article&utm_campaign=20240404101042
STX엔진,2024.04.05,한화오션 주가 기력회복 하나...외국인 15거래일 연속 대량 매물은 '경계...,https://www.pinpointnews.co.kr/news/articleView.html?idxno=257238
STX엔진,2024.04.05,혁신기술 첨병 '레이다'…최초로 단독 협의체계 갖는다,http://www.wikileaks-kr.org/news/articleView.html?idxno=151624
STX엔진,2024.04.06,한화오션 주가 힘찬 뱃고동...외국인과 기관은 쌍끌이 대량매수,https://www.pinpointnews.co.kr/news/articleView.html?idxno=257388
STX엔진,2024.04.07,스페코 주가 더 달궈지나...한화오션과 42억원 규모 공급계약 실적개선...,https://www.pinpointnews.co.kr/news/articleView.html?idxno=257496
STX엔진,2024.04.08,"1위 삼성중공업 주가·2위 한화오션 주가·3위 현대미포조선 주가, 4월 ...",https://www.ekn.kr/web/view.php?key=20240405027220097
STX엔진,2024.04.08,"1위 한화오션·2위 삼성중공업·3위 현대미포조선…4월 2주차, 주식 조선...",http://www.srtimes.kr/news/articleView.html?idxno=154402
STX엔진,2024.04.09,"삼영이엔씨 주가 불기둥...""조정 보일만큼 보였다"" 매수 들썩",https://www.pinpointnews.co.kr/news/articleView.html?idxno=257793
STX엔진,2024.04.09,동방선기 주가 들썩... 스테인리스강관 등 실적개선 봄바람 솔솔,https://www.pinpointnews.co.kr/news/articleView.html?idxno=258021
STX엔진,2024.04.13,한화오션 주가 들썩...호주 방산 조선업체 오스탈 인수 부각,https://www.pinpointnews.co.kr/news/articleView.html?idxno=258733
STX엔진,2024.04.14,"한화엔진, 인수 첫해부터 영업익 4.5배 전망···""수주잔고 2년치 확보...",https://www.sisajournal-e.com/news/articleView.html?idxno=402002
STX엔진,2024.04.14,한화오션 주가 힘찬 뱃고동...친환경·디지털 선박 기술 검증 플랫폼 수...,https://www.pinpointnews.co.kr/news/articleView.html?idxno=258921
STX엔진,2024.04.15,"""스마트·친환경 해양산업"" 2024 국제해양·안전대전 연다",https://www.newsis.com/view/?id=NISX20240415_0002699401&cID=14001&pID=14000
STX엔진,2024.04.15,"""위기가 곧 기회"" 어쨌든 갈 종목은 간다",https://www.yna.co.kr/view/AKR20240415121600008?input=1195m
STX엔진,2024.04.15,APEC 정상회의 유치 출사표 등,https://www.pressian.com/pages/articles/2024041516545586566?utm_source=naver&utm_medium=search
STX엔진,2024.04.15,"유정복 시장, APEC 정상회의 유치에 소매 걷어",http://www.sisajournal.com/news/articleView.html?idxno=288314
STX엔진,2024.04.15,오는 6월 인천에서 수도권 유일의 해양 특화 전시회 열린다.,http://www.breaknews.com/1026643
STX엔진,2024.04.15,"중동 불안, 코스피 '하락'...삼성전자 · 삼성전기 '뚝'",http://www.choicenews.co.kr/news/articleView.html?idxno=129283
STX엔진,2024.04.15,"인천관광공사, '국제해양․안전대전'내달 19일 개최",http://www.tournews21.com/news/articleView.html?idxno=69214
STX엔진,2024.04.15,"태웅 주가 다시 움직이나... ""초대형 해상풍력 부품을 내년 말 생산 전망...",https://www.pinpointnews.co.kr/news/articleView.html?idxno=259240
STX엔진,2024.04.15,"인천관광공사, '2024 국제해양․안전대전' 개최",https://www.ajunews.com/view/20240415113505186
STX엔진,2024.04.15,"1위 한화오션 주가·2위 삼성중공업 주가·3위 현대미포조선 주가, 4월 ...",https://www.ekn.kr/web/view.php?key=20240412025483926
STX엔진,2024.04.15,"2024 국제해양·안전대전, ‘스마트&친환경 해양산업’ 열린다",http://www.g-enews.com/ko-kr/news/article/news_all/202404151144161867514e0091f6_1/article.html
STX엔진,2024.04.15,"인천시, 6월 해양 특화 전시회 개최",http://www.asiaa.co.kr/news/articleView.html?idxno=167375
STX엔진,2024.04.15,"인천관광공사, 스마트&친환경 해양산업을한눈에 '2024 국제해양․안전대...",https://www.gukjenews.com/news/articleView.html?idxno=2969455
STX엔진,2024.04.15,"2024 국제해양·안전대전, 6월 19~21일 송도컨벤시아서 개최... ""해양·조...",https://kr.aving.net/news/articleView.html?idxno=1789663
STX엔진,2024.04.15,"인천관광공사, 스마트·친환경 '2024 국제해양·안전대전' 개최",http://www.asiaa.co.kr/news/articleView.html?idxno=167353
STX엔진,2024.04.16,실적 깔딱 고개서 '중동 갈등' 만난 방산株…“호황 이제 시작”,http://www.edaily.co.kr/news/newspath.asp?newsid=01243126638856776
STX엔진,2024.04.16,대성하이텍 주가 싱글벙글...이스라엘과 이란 충돌 격화에 주목,https://www.pinpointnews.co.kr/news/articleView.html?idxno=259512
STX엔진,2024.04.16,‘ 2024국제해양·안전대전‘ 6월 인천서 개최,https://www.skyedaily.com/news/news_view.html?ID=228271
STX엔진,2024.04.16,"인천시, '국제해양·안전대전' 6월 19일~21일 송도컨벤시아서 개최",https://www.cstimes.com/news/articleView.html?idxno=587945
STX엔진,2024.04.16,커지는 중동 리스크... 유가 관련주 주목,https://www.fetv.co.kr/news/article.html?no=163044
STX엔진,2024.04.16,1위 삼성중공업·2위 한화오션·3위 현대미포조선…4월 3주차 업종별 주...,http://www.srtimes.kr/news/articleView.html?idxno=154712
STX엔진,2024.04.17,"""수도권 유일의 해양 특화 전시회""…'제7회 2024 국제해양·안전대전', 6...",http://www.bizwnews.com/news/articleView.html?idxno=80841
STX엔진,2024.04.18,‘육해공 첨단 방산무기 한자리에’ 창원서 이순신 방위산업전,https://www.seoul.co.kr/news/economy/industry/2024/04/18/20240418500154?wlog_tag3=naver
STX엔진,2024.04.18,"고광효 관세청장, K-방산 수출기업과 간담회 개최",http://www.joseilbo.com/news/news_read.php?uid=514881&class=8&grp=
STX엔진,2024.04.18,'최장 18년' 직업형 사외이사…시총 10대社에 대거 포진,https://news.einfomax.co.kr/news/articleView.html?idxno=4306283
STX엔진,2024.04.18,세진중공업 주가 으랏차차...국내 첫 액화이산화탄소 탱크수주로 호실적...,https://www.pinpointnews.co.kr/news/articleView.html?idxno=259843
STX엔진,2024.04.19,"코츠테크놀로지 주가 덩실덩실...""4년 연속 최대 매출 달성 가능성""",https://www.pinpointnews.co.kr/news/articleView.html?idxno=260231
STX엔진,2024.04.19,"이스라엘 보복 공격 '쇼크'···코스피, 2600선 이탈",http://www.enewstoday.co.kr/news/articleView.html?idxno=2117178
STX엔진,2024.04.20,"한화엔진, 그리스서 해양 디젤엔진 부품 경쟁 '치열'",https://www.theguru.co.kr/news/article.html?no=69628
STX엔진,2024.04.20,"휴니드 주가 흥얼흥얼... ""중동 지역 충돌 장기화 경우 방산 업체에 기...",https://www.pinpointnews.co.kr/news/articleView.html?idxno=260466
STX엔진,2024.04.20,"""물 들어올 때 노 젓자""···미·중 갈등에 조선주 불기둥",http://www.enewstoday.co.kr/news/articleView.html?idxno=2117297
STX엔진,2024.04.20,대창솔루션 주가 방긋... '적정' 감사 보고서 제출에 매수세 유입,https://www.pinpointnews.co.kr/news/articleView.html?idxno=260485
STX엔진,2024.04.20,HD현대중공업 주가 으랏차차...외국인과 기관 매수는 '시큰둥',https://www.pinpointnews.co.kr/news/articleView.html?idxno=260421
STX엔진,2024.04.22,"1위 삼성중공업 주가·2위 한화오션 주가·3위 현대미포조선 주가, 4월 ...",https://www.ekn.kr/web/view.php?key=20240419024449759
STX엔진,2024.04.23,한화오션 주가 폭풍질주...기관은 7거래일 연속 쓸어 담는다,https://www.pinpointnews.co.kr/news/articleView.html?idxno=261102
STX엔진,2024.04.23,"코스피, 하락 전환하며 2620선 마감…코스닥 845.44",https://www.ebn.co.kr/news/view/1620546/?sc=Naver
STX엔진,2024.04.23,"조선주, 일제히 상승세‥미국의 中제재 '반사이익' 기대",https://view.asiae.co.kr/article/2024042310334061805
STX엔진,2024.04.23,"한화오션 주가 장중 8%대 올라, 캐나다 무역사절단 방문 소식에 조선주...",https://www.businesspost.co.kr/BP?command=article_view&num=349926
STX엔진,2024.04.23,"방향 잃은 K증시···코스피, 2620선 마감",http://www.enewstoday.co.kr/news/articleView.html?idxno=2118582
STX엔진,2024.04.23,"韓증시, 하락 마감… 코스피 0.24% 하락·코스닥 약보합세",https://www.lcnews.co.kr/news/articleView.html?idxno=73917
STX엔진,2024.04.23,"한국ESG기준원, 올해 1068사 ESG 평가..코스피 796사·코스닥 207사 대상",https://www.smarttoday.co.kr/news/articleView.html?idxno=48816
STX엔진,2024.04.23,"1위 삼성중공업·2위 한화오션·3위 현대미포조선, 4월 4주차 주식 조선...",http://www.srtimes.kr/news/articleView.html?idxno=155069
STX엔진,2024.04.23,"태웅 주가 힘찬 뱃고동... ""내년 말 초대형 해상풍력 부품 생산 기대""",https://www.pinpointnews.co.kr/news/articleView.html?idxno=261051
STX엔진,2024.04.24,이순신방위산업전 참가…함정용 추진 시스템 전시,https://www.yna.co.kr/view/AKR20240424135900003?input=1195m
STX엔진,2024.04.24,선박평형수 처리장치 관련주 5% 이상 상승… 기술력 지수 '다소 ...,https://www.pointdaily.co.kr/news/articleView.html?idxno=198742
STX엔진,2024.04.24,"주가 급등…USTR, 중국 조선업 불공정 무역 조사",http://www.thebigdata.co.kr/view.php?ud=202404240454386833cd1e7f0bdf_23
STX엔진,2024.04.24,한국카본 주가 훨훨... 신사업 '우주항공 및 철도' 부품 사업 박차,https://www.pinpointnews.co.kr/news/articleView.html?idxno=261371
STX엔진,2024.04.24,2024 이순신 방위산업전 개막,https://www.yna.co.kr/view/PYH20240424140300052?input=1196m
STX엔진,2024.04.24,‘이순신 방위산업전’ 국내 최대 방산 집적지 창원서 개막,https://www.sedaily.com/NewsView/2D81CYRHEU
STX엔진,2024.04.24,2024 YIDEX 창원서 열려,https://www.yna.co.kr/view/PYH20240424142100052?input=1196m
STX엔진,2024.04.24,"쪼개진 지상무기 전시회에…방산업계 ""부담 가중, 통합 필요""",https://www.yna.co.kr/view/AKR20240424136400504?input=1195m
STX엔진,2024.04.24,방위산업전시회 ‘KADEX’ 참가 신청 순항 중…육군협회 “최대 규모 예...,https://www.seoul.co.kr/news/politics/diplomacy/2024/04/24/20240424500137?wlog_tag3=naver
STX엔진,2024.04.24,美 기업실적 호조와 경제지표 둔화로 금리인...,https://www.newsquest.co.kr/news/articleView.html?idxno=222288
STX엔진,2024.04.24,국방 수호 기술·무기 한 자리에 … 2024이순신방위산업전 창원서 개최,https://view.asiae.co.kr/article/2024042419082014971
STX엔진,2024.04.24,"창원시-해군, '2024 이순신방위산업전(YIDEX)' 성공적 개최",http://www.gnnews.co.kr/news/articleView.html?idxno=551479
STX엔진,2024.04.24,육해공 첨단 무기체계 '한자리에',http://www.gnnews.co.kr/news/articleView.html?idxno=551471
STX엔진,2024.04.24,육해공 첨단 무기체계 한곳에... '이순신 방위산업전' 개막,https://www.getnews.co.kr/news/articleView.html?idxno=671321
STX엔진,2024.04.24,첨단 무기체계 전시 '이순신 방위산업전' 창원에서 27일까지,https://www.ccdailynews.com/news/articleView.html?idxno=2270316
STX엔진,2024.04.24,"KADEX2024, 1500개 부스 전시 역대 최대 규모로 열린다",https://www.asiatoday.co.kr/view.php?key=20240424010013418
STX엔진,2024.04.25,2024 이순신방위산업전 참가,http://www.gndomin.com/news/articleView.html?idxno=391205
STX엔진,2024.04.25,이순신방위산업전서 기술력 뽐냈다,http://www.knnews.co.kr/news/articleView.php?idxno=1430911
STX엔진,2024.04.25,'이순신방위산업전'서 함정용 통합 추진시스템 솔루션 공개,https://www.etnews.com/20240425000250
STX엔진,2024.04.25,방위산업전서 함정용 통합 추진시스템 솔루션 선봬,https://www.ksg.co.kr/news/main_newsView.jsp?pNum=141357
STX엔진,2024.04.25,‘2024 이순신방위산업전’서 국내 최고 함정용 통합 추진시스...,https://www.news2day.co.kr/article/20240425500126
STX엔진,2024.04.25,"KADEX, 현대로템·한화에어로스페이스·풍산· 등 주요 방산기업...",https://www.gukjenews.com/news/articleView.html?idxno=2979101
STX엔진,2024.04.25,유도로켓 발사차부터 무인잠수정까지… 극강의 방위 솔루션,https://daily.hankooki.com/news/articleView.html?idxno=1077955
STX엔진,2024.04.25,한화오션 '대양 해군' 이끈다…'수상함 명가' 깨알 자랑 할만하네,https://www.nocutnews.co.kr/news/6135615?utm_source=naver&utm_medium=article&utm_campaign=20240425040322
STX엔진,2024.04.25,삼영엠텍 주가 방긋... 저가매수 유입과 실적호전 지속 '솔솔',https://www.pinpointnews.co.kr/news/articleView.html?idxno=261635
STX엔진,2024.04.25,"'지상에선 100%, 하늘에선 유일무이...",https://www.thebell.co.kr/free/content/ArticleView.asp?key=202404231419235160107028
STX엔진,2024.04.26,"한화자산운용 최영진 전무 ""넥스트 반도체, ‘K-방산’의 시간...",https://weekly.cnbnews.com/news/article.html?no=160169
STX엔진,2024.04.26,"HD현대미포 주가 힘찬 뱃고동~...""실적 바닥 찍었다"" 적자폭 대폭 축소",https://www.pinpointnews.co.kr/news/articleView.html?idxno=261889
STX엔진,2024.04.27,"풍산 주가 불꽃랠리..."" 해외 주력 자회사 PMX 수익성 개선 전망""",https://www.pinpointnews.co.kr/news/articleView.html?idxno=261981
STX엔진,2024.04.27,"국방수도 '계룡시' 군문화축제 양 날개...""KADEX 2024·지식산업센터""",https://www.newsfreezone.co.kr/news/articleView.html?idxno=564899
STX엔진,2024.04.27,삼성중공업 주가 으랏차차...외국인은 185만주 이상 쓸어 담았다,https://www.pinpointnews.co.kr/news/articleView.html?idxno=262053
STX엔진,2024.04.28,삼영이엔씨 주가 신바람...전환사채 전환가액 조정 '촉각',https://www.pinpointnews.co.kr/news/articleView.html?idxno=262231
STX엔진,2024.04.29,"1위 삼성중공업 주가·2위 한화오션 주가·3위 현대미포조선 주가, 4월 ...",https://www.ekn.kr/web/view.php?key=20240426020284916
STX엔진,2024.04.30,"KADEX, 현대로템·한화에어로스페이스··KAI 등 주요 방산기업 ...",http://www.e2news.com/news/articleView.html?idxno=308221
STX엔진,2024.05.02,1위 삼성중공업·2위 한화오션·3위 STX중공업…4월 5주차 주식 조선 부...,http://www.srtimes.kr/news/articleView.html?idxno=155649
STX엔진,2024.05.02,현대로템 주가 다시 고개... 기관은 4거래일 연속 폭풍매도는 부담,https://www.pinpointnews.co.kr/news/articleView.html?idxno=263086
STX엔진,2024.05.02,1위 HD현대중공업·2위 삼성중공업,https://www.gukjenews.com/news/articleView.html?idxno=2984565
STX엔진,2024.05.02,"조선 상장기업 2024년 5월 빅데이터 1위 HD한국조선해양, ...",https://www.cbci.co.kr/news/articleView.html?idxno=466311
STX엔진,2024.05.02,"HD한국조선해양, 조선 상장기업 브랜드평판 5월 빅데이터 분석 1위…평...",http://www.thebigdata.co.kr/view.php?ud=20240502073536563007d270612f_23
STX엔진,2024.05.02,"HD한국조선해양, 조선 상장기업 5월 1위···HD현대중공업...",https://www.enetnews.co.kr/news/articleView.html?idxno=23729
STX엔진,2024.05.02,무탄소 연료(암모니아) 시대의 선택과 ...,http://www.gasnews.com/news/articleView.html?idxno=115082
STX엔진,2024.05.07,슬그머니 또 증가한 '빚투'…어디서 늘었나보니,https://www.newsis.com/view/?id=NISX20240507_0002725834&cID=10403&pID=15000
STX엔진,2024.05.07,"대창솔루션 주가 들썩...플랜트, 산업기계 등 실적개선 '청신호'",https://www.pinpointnews.co.kr/news/articleView.html?idxno=264027
STX엔진,2024.05.08,조선사-엔진 M&A 심사 막바지…HD현대+STX重 곧 결론,http://news.mt.co.kr/mtview.php?no=2024050808571658993
STX엔진,2024.05.08,"KEIT, 방산 핵심부품 국산화 … 'K방산' 날개 달아 준 일등공신",https://www.mk.co.kr/article/11010566
STX엔진,2024.05.08,"동성화인텍 주가 덩실덩실...""수주잔고 2조2000억원으로 4년치 물량 채워...",https://www.pinpointnews.co.kr/news/articleView.html?idxno=264197
STX엔진,2024.05.09,주가 꿈틀...하이브리드 엔진 시스템 모형 등 호평,https://www.pinpointnews.co.kr/news/articleView.html?idxno=264480
STX엔진,2024.05.09,"삼성중공업·한화오션·현대미포조선 순…5월 1주차, 주식 조선 부문 트...",http://www.srtimes.kr/news/articleView.html?idxno=155911
STX엔진,2024.05.09,삼성중공업 주가 힘찬 뱃고동...모잠비크 부유식 액화천연가스 생산설비...,https://www.pinpointnews.co.kr/news/articleView.html?idxno=264470
STX엔진,2024.05.11,대양전기공업 주가 저점 쑥쑥...올해 방산 사업 흑자 전환 전망,https://www.pinpointnews.co.kr/news/articleView.html?idxno=264938
STX엔진,2024.05.11,성광벤드 주가 꿈틀... 미국의 대중국 제재 강화로 반사이익 기대,https://www.pinpointnews.co.kr/news/articleView.html?idxno=264911
STX엔진,2024.05.13,풍산홀딩스 주가 휘파람... 외국인은 10거래일 대량매수 '군불 때기',https://www.pinpointnews.co.kr/news/articleView.html?idxno=265324
STX엔진,2024.05.13,"케이에스피·대양전기공업·HD마린솔루션·현대중공업, 급등…조선주 일...",https://www.yeongnam.com/web/view.php?key=20240513001101452
STX엔진,2024.05.14,"STX重, 末聯법인 청산 결의…대해중공 지분도 매각 예정",https://www.asiatime.co.kr/article/20240514500088
STX엔진,2024.05.14,HD현대중공업 주가 훨훨...해외서 K방산 뛰어난 기술력 부각,https://www.pinpointnews.co.kr/news/articleView.html?idxno=265339
STX엔진,2024.05.15,"한화에어로스페이스, K9 썬더포를 폴란드 크랩 자주포에 통합하는 계약...",http://www.g-enews.com/ko-kr/news/article/news_all/202405151041113415e8b8a793f7_1/article.html
STX엔진,2024.05.16,한화시스템 주가 기력 회복... AESA 레이더 뛰어난 기능 주목,https://www.pinpointnews.co.kr/news/articleView.html?idxno=265816
STX엔진,2024.05.16,HD현대마린솔루션 주가 상승세 뚜렷...기관은 5거래일 대량매수 폭발,https://www.pinpointnews.co.kr/news/articleView.html?idxno=265840
STX엔진,2024.05.20,"경남도, 세계 최초 암모니아 혼소 연료추진 선박 10월까지 건조",https://www.newsis.com/view/?id=NISX20240520_0002740772&cID=10812&pID=10800
STX엔진,2024.05.20,경남도 세계 최초 암모니아 혼소 연료추진선 본격 개발,https://www.kmib.co.kr/article/view.asp?arcid=0020116280&code=61121111&cp=nv
STX엔진,2024.05.20,경남서 이산화탄소 배출 줄이는 암모니아 연료 시험선 건조 돌입,https://www.yna.co.kr/view/AKR20240520105800052?input=1195m
STX엔진,2024.05.21,조선 수주 활기…기자재 업체들도 사업 개선 기대감,https://www.newsis.com/view/?id=NISX20240520_0002740729&cID=13001&pID=13000
STX엔진,2024.05.22,5월 4주 주요 제조업 전망,http://www.laborplus.co.kr/news/articleView.html?idxno=33837
STX엔진,2024.05.22,한화에어로 자부심 '레드백'...절반의 성공 얘기 나오는 이유,http://news.bizwatch.co.kr/article/industry/2024/05/21/0019
STX엔진,2024.05.23,"SK오션플랜트 주가 신바람...""하반기부터 해상풍력 매출 크게 증가할 것...",https://www.pinpointnews.co.kr/news/articleView.html?idxno=267395
STX엔진,2024.05.23,"1위 삼성중공업·2위 HD현대마린솔루션·3위 한화오션...5월 3주차, 주식...",http://www.srtimes.kr/news/articleView.html?idxno=156606
STX엔진,2024.05.23,HD현대중공업 주가 힘찬 뱃노래... '3D 프린팅 시스템' NTQ 2단계 인증 획...,https://www.pinpointnews.co.kr/news/articleView.html?idxno=267374
STX엔진,2024.05.24,HD한국조선해양 주가 힘찬 뱃노래...셸과 액화수소 운반선 개발 박차,https://www.pinpointnews.co.kr/news/articleView.html?idxno=267661
STX엔진,2024.05.24,세진중공업 주가 불끈... LPG 탱크 1척 제작완료 초도품 출하 부각,https://www.pinpointnews.co.kr/news/articleView.html?idxno=267646
STX엔진,2024.05.25,대양전기공업 주가 달리나... '수출형 무인잠수정(UUV) 공동 기술개발...,https://www.pinpointnews.co.kr/news/articleView.html?idxno=267845
STX엔진,2024.05.25,삼성중공업 주가 다시 힘찬 뱃고동...조선업황 개선 수주잔액 33조원 돌...,https://www.pinpointnews.co.kr/news/articleView.html?idxno=267780
STX엔진,2024.05.27,"방산전시회 KADEX, 록히드 마틴 등 글로벌 방산기업 신청 잇따라",http://www.e2news.com/news/articleView.html?idxno=309037
STX엔진,2024.05.27,"KADEX2024, 5월까지 306개사 1336부스 참가접수 완료",https://www.asiatoday.co.kr/view.php?key=20240527010014181
STX엔진,2024.05.28,"대한민국 국제방위산업전시회(KADEX), 글로벌 방산기업 신청 줄이어",https://www.seoul.co.kr/news/economy/industry/2024/05/28/20240528500021?wlog_tag3=naver
STX엔진,2024.05.28,"최대 국제지상방산전시회 KADEX, 록히드마틴 등 글로벌 방산기업 신청 ...",https://www.munhwa.com/news/view.html?no=2024052801039930114006
STX엔진,2024.05.29,"""상승 항로에 이상없다""... 삼성중공업 등 조선주에 매수 몰린다",https://www.pinpointnews.co.kr/news/articleView.html?idxno=268499
STX엔진,2024.05.30,"삼성중공업·HD현대마린솔루션·한화오션 순...5월 4주차, 주식 조선 부...",http://www.srtimes.kr/news/articleView.html?idxno=156924
STX엔진,2024.06.03,코츠테크놀로지 주가 기세등등... 올해 최대 매출 달성 전망,https://www.pinpointnews.co.kr/news/articleView.html?idxno=269429
STX엔진,2024.06.03,포항 영일만 앞바다에서 무슨일?...일승 주가 날갯짓,https://www.pinpointnews.co.kr/news/articleView.html?idxno=269490
STX엔진,2024.06.04,"HD한국조선해양, 조선 상장기업 브랜드평판 6월 빅데이터 분석 1위",http://www.thebigdata.co.kr/view.php?ud=20240604073855264107d270612f_23
STX엔진,2024.06.04,"조선 상장기업 2024년 6월 빅데이터 1위 HD한국조선해양, ...",https://www.cbci.co.kr/news/articleView.html?idxno=468669
STX엔진,2024.06.04,"""조선 상장기업 브랜드평판...1위 HD한국조선해양, 2위 HD현대중공업, 3...",http://www.newsinside.kr/news/articleView.html?idxno=2191152
STX엔진,2024.06.04,조선 상장기업 브랜드평판 6월 빅데이터 분석결과...1위 HD한국조선해양...,http://www.wsobi.com/news/articleView.html?idxno=242815
STX엔진,2024.06.04,"HD한국조선해양, 조선 상장기업 6월 1위···HD현대중공업...",https://www.enetnews.co.kr/news/articleView.html?idxno=25349
STX엔진,2024.06.04,세진중공업 주가 함박웃음...조선업 불황속 초격차 경쟁력 확보,https://www.pinpointnews.co.kr/news/articleView.html?idxno=269573
STX엔진,2024.06.05,기업공시,https://www.sedaily.com/NewsView/2DACI8AX52
STX엔진,2024.06.05,HD현대마린솔루션 주가 기지개...선박 부품 교체 및 정비 주기 도래,https://www.pinpointnews.co.kr/news/articleView.html?idxno=269757
STX엔진,2024.06.06,6월 1주차 주식 조선 트렌드지수 삼성중공업 1위,http://www.srtimes.kr/news/articleView.html?idxno=157304
STX엔진,2024.06.07,"美 증시, 고용지표 발표 앞두고 혼조…테...",https://www.news2day.co.kr/article/20240605500221
STX엔진,2024.06.08,한화오션 주가 콧노래... '함정 통합전력 시스템 제어 및 해석 기술' 과...,https://www.pinpointnews.co.kr/news/articleView.html?idxno=270329
STX엔진,2024.06.10,""", K9 자주포 엔진개발이 중동수출 첨병 역할할 것""",https://www.insightkorea.co.kr/news/articleView.html?idxno=201817
STX엔진,2024.06.10,"군, '감시레이다'로 한반도 해안 전역 지켜본다",https://www.newsis.com/view/?id=NISX20240610_0002766255&cID=10301&pID=10300
STX엔진,2024.06.10,해안감시레이더-II 체계개발 성공…표적 200개 동시 탐지,https://news.kbs.co.kr/news/pc/view/view.do?ncd=7983857&ref=A
STX엔진,2024.06.10,"軍, '해안감시레이더-II'로 한반도 해안 365일 24시간 감시 … 표적 200개...",https://www.newdaily.co.kr/site/data/html/2024/06/10/2024061000198.html
STX엔진,2024.06.10,오물풍선이 부른 긴장감에 방산株 `껑충`,https://www.dt.co.kr/contents.html?article_no=2024061002109963046008&ref=naver
STX엔진,2024.06.10,"방위사업청, 고성능 해안감시레이다-II 체계개발 성공",http://www.thebigdata.co.kr/view.php?ud=2024061015074327087a41639a67_23
STX엔진,2024.06.10,밀입국 선박 등 365일 24시간 감시…고성능 해안감시레이더-II 체계개발...,http://digitalchosun.dizzo.com/site/data/html_dir/2024/06/10/2024061080158.html
STX엔진,2024.06.10,"美 변수 속, 한국증시 '하락'...여름 테마주 · 방산주는 '껑충'",http://www.choicenews.co.kr/news/articleView.html?idxno=131494
STX엔진,2024.06.10,"코스피, 2700선 턱걸이 마감… 코스닥 외인 '팔자'에 동반 하락",https://www.lcnews.co.kr/news/articleView.html?idxno=77093
STX엔진,2024.06.10,고성능 해안감시레이다-II 체계개발…2026년 실전배치,https://www.ajunews.com/view/20240610115656407
STX엔진,2024.06.10,해안감시레이다-II 체계계발 성공…동시 추적 표적 2배 증가,https://www.newspim.com/news/view/20240610000599
STX엔진,2024.06.10,“한반도 해안 365일 감시”…고성능 ‘해안감시레이다-II’ 체계개발 성...,https://www.sedaily.com/NewsView/2DAES0QTA9
STX엔진,2024.06.10,"방사청, 해안감시 레이더-II 개발 완료...밀입국·소형선박도 감시",https://www.ytn.co.kr/_ln/0101_202406101059163589
STX엔진,2024.06.11,APC머큐리가 STX 브랜드를 못 버리는 이유,http://www.edaily.co.kr/news/newspath.asp?newsid=01092246638920736
STX엔진,2024.06.11,방산엔진 매출·개발 본격화로 실적·수주 레벨업 주가 '어깨춤...,https://cwn.kr/article/1065596068847704
STX엔진,2024.06.11,"방사청, 해안감시레이다-II 전투용 적합 판정 획득",http://www.goodmorningcc.com/news/articleView.html?idxno=311058
STX엔진,2024.06.13,"한반도 해안 감시, 더욱 촘촘해진다!",https://www.ekn.kr/web/view.php?key=20240613020246027
STX엔진,2024.06.14,한화엔진 주가 힘찬 뱃노래...기관 7거래일 연속 쓸어 담았다,https://www.pinpointnews.co.kr/news/articleView.html?idxno=271349
STX엔진,2024.06.14,"선진뷰티사이언스 15.9%↑, 20개 종목 장중 신고가",https://www.itooza.com/common/iview.php?no=2024061409372800502
STX엔진,2024.06.16,오리엔탈정공 주가 함박웃음...해상 풍력 발전용 크레인 사업 박차,https://www.pinpointnews.co.kr/news/articleView.html?idxno=271618
STX엔진,2024.06.17,"방향성 잃은 'K증시'···코스피, 5거래일 만에 반락",http://www.enewstoday.co.kr/news/articleView.html?idxno=2140736
STX엔진,2024.06.17,한화시스템 주가 본격 상승랠리... AI 및 ML 기술 도입 활발 주목,https://www.pinpointnews.co.kr/news/articleView.html?idxno=271794
STX엔진,2024.06.18,"(077970), 뚜렷한 증익 구간 도래......",http://www.newslock.co.kr/news/articleView.html?idxno=92900
STX엔진,2024.06.19,인천 송도 '2024 국제해양안전대전' 참가,https://www.newsis.com/view/NISX20240619_0002779367
STX엔진,2024.06.19,"장인화 포스코그룹 회장, 美 WSD 콘퍼런스 기조연설 外",https://dealsite.co.kr/articles/124168
STX엔진,2024.06.19,해양·조선특화전시회 2024 국제해양·안전대전 개막,https://www.viva100.com/main/view.php?key=20240619010006213
STX엔진,2024.06.19,"'2024 국제해양·안전대전', 송도컨벤시아서 19일 막 올라... 160여 개 기...",https://kr.aving.net/news/articleView.html?idxno=1791540
STX엔진,2024.06.19,수도권 유일 해양·조선특화전시회 '2024 국제해양·안전대전' 개막,https://www.joongboo.com/news/articleView.html?idxno=363658199
STX엔진,2024.06.19,수도권 유일 해양⸱조선특화전시회 '2024 국제해양·안전대전' 개막,http://www.shinailbo.co.kr/news/articleView.html?idxno=1890877
STX엔진,2024.06.19,"인천관광공사, '2024 국제해양·안전대전' 개막",http://www.asiaa.co.kr/news/articleView.html?idxno=175461
STX엔진,2024.06.19,"인천관광공사, 해양⸱조선특화전시회 '2024 국제해양․안전대전' 개막",https://www.pointdaily.co.kr/news/articleView.html?idxno=206688
STX엔진,2024.06.19,수도권 유일 해양⸱조선특화전시회 '2024 국제해양·안전대전' 인천서 개...,http://www.incheonnews.com/news/articleView.html?idxno=419179
STX엔진,2024.06.19,"인천관광공사, 수도권 유일 해양⸱조선특화전시회 '2024 국제해양․안전...",https://www.ajunews.com/view/20240619162519555
STX엔진,2024.06.19,"인천관광공사, ‘국제 해양·안전 대전’ 주관",https://www.siminilbo.co.kr/news/newsview.php?ncode=1160281568762345
STX엔진,2024.06.19,"인천관광공사, '2024 국제해양.안전대전' 송도켄벤시아 개막",http://www.metroseoul.co.kr/article/20240619500558
STX엔진,2024.06.19,수도권 유일 해양?조선특화전시회『2024 국제해양?안전대전』개막,https://www.dnews.co.kr/uhtml/view.jsp?idxno=202406191519050100747
STX엔진,2024.06.20,‘2024 국제해양안전대전’ 참가,https://www.etoday.co.kr/news/view/2371674
STX엔진,2024.06.20,국제해양안전대전 참가…해경경비함 탑재 엔진 등 전시,http://www.fntoday.co.kr/news/articleView.html?idxno=323543
STX엔진,2024.06.20,2024 국제해양안전대전서 500톤급 경비함 추진엔진 실물 선보여,http://www.newsroad.co.kr/news/articleView.html?idxno=29583
STX엔진,2024.06.20,"경상남도·건설 대기업·건설협회, 동반성장 '맞손'",http://www.kukinews.com/newsView/kuk202406200001
STX엔진,2024.06.20,"""선박보다 모니터가 더 많다""...미래 해양·안전기술 한자리",http://www.hansbiz.co.kr/news/articleView.html?idxno=699306
STX엔진,2024.06.20,"디케이락 13.0%↑, 18개 종목 장중 신고가",https://www.itooza.com/common/iview.php?no=2024062009394658233
STX엔진,2024.06.20,"하나증권 ""컨테이너선 수주 확대 기대, HD한국조선해양 삼성중공업 주목...",https://www.businesspost.co.kr/BP?command=article_view&num=356096
STX엔진,2024.06.21,풍산 주가 으랏차차...외국인 대량 차익매물은 실망,https://www.pinpointnews.co.kr/news/articleView.html?idxno=272499
STX엔진,2024.06.21,한화오션 주가 으랏차차...필리 조선소 지분 100% 인수 금액은?,https://www.pinpointnews.co.kr/news/articleView.html?idxno=272607
STX엔진,2024.06.21,"제룡산업 19.7%↑, 13개 종목 장중 신고가",https://www.itooza.com/common/iview.php?no=2024062109390386233
STX엔진,2024.06.21,현대힘스 주가 급등...주요 고객사 러브콜 쇄도,https://www.pinpointnews.co.kr/news/articleView.html?idxno=272620
STX엔진,2024.06.22,인천 송도 '2024 국제해양안전대전' 참가,http://www.econonews.co.kr/news/articleView.html?idxno=343200
STX엔진,2024.06.22,정부 우크라 무기지원 가능성은?....빅텍 풍산 등 방산주는 고공행진,https://www.pinpointnews.co.kr/news/articleView.html?idxno=272793
STX엔진,2024.06.24,"한국항공우주 주가 반전하나...EU, 한국과 일본 등 아시아 국가와 무슨...",https://www.pinpointnews.co.kr/news/articleView.html?idxno=273070
STX엔진,2024.06.24,조선주,https://news.mtn.co.kr/news-detail/2024062417214611246
STX엔진,2024.06.24,엔비디아 '충격파'···SK하이닉스·한미반도체 '주르륵',http://www.enewstoday.co.kr/news/articleView.html?idxno=2143699
STX엔진,2024.06.25,·HD한국조선해양 등 선박평형수 처리장치 관련주 상승…기술력...,https://www.pointdaily.co.kr/news/articleView.html?idxno=207392
STX엔진,2024.06.25,한화시스템 주간 수익률 22%,https://www.mk.co.kr/article/11051017
STX엔진,2024.06.25,"GS글로벌 8.9%↑, 15개 종목 장중 신고가",https://www.itooza.com/common/iview.php?no=2024062509382698169
STX엔진,2024.06.25,테크윙·HD현대중공업 등 52주 최고가 근접…기업가치 추정 '적정',https://www.pointdaily.co.kr/news/articleView.html?idxno=207372
STX엔진,2024.06.26,"삼성중공업, 주가 급등…컨테이너선 수주 확대 기대↑",http://www.thebigdata.co.kr/view.php?ud=202406260628028899cd1e7f0bdf_23
STX엔진,2024.06.27,"새우가 고래를 삼켰다···에어인천, 아시아나항공 화물사업부 인수",https://www.mk.co.kr/article/11047611
STX엔진,2024.07.01,국산 파워팩 자주포 탑재 첫 수출..중동 시장 노,https://mbcgn.kr/article/aHrZiqP6Zcy8yRK
STX엔진,2024.07.02,""", 특수사업부 중심 외형 성장 기대""",https://view.asiae.co.kr/article/2024070207423640637
STX엔진,2024.07.02,주가 급등…STX중공업 선박엔진 공급 계약 주목,http://www.thebigdata.co.kr/view.php?ud=202407020517038216cd1e7f0bdf_23
STX엔진,2024.07.02,"HD현대중공업, 조선 상장기업 브랜드평판 2024년 7월...1위",http://www.beyondpost.co.kr/view.php?ud=20240702084951754746a9e4dd7f_30
STX엔진,2024.07.02,"삼성바이오로직스, 2분기 호실적 전망",https://www.etoday.co.kr/news/view/2375663
STX엔진,2024.07.02,"HD현대중공업, 조선 상장기업 브랜드평판 7월 빅데이터 분석 1위",https://www.pinpointnews.co.kr/news/articleView.html?idxno=274615
STX엔진,2024.07.02,"""조선 상장기업 브랜드평판... 1위 HD현대중공업, 2위 HD한국조선해양, ...",http://www.newsinside.kr/news/articleView.html?idxno=2331206
STX엔진,2024.07.02,"HD현대중공업, 조선 상장기업 7월 1위···HD한국조선해양...",https://www.enetnews.co.kr/news/articleView.html?idxno=26458
STX엔진,2024.07.02,"HD현대중공업, 조선 상장기업 브랜드평판 7월 1위…HD한국조선해양 뒤이...",http://www.thebigdata.co.kr/view.php?ud=2024070207355418007d270612f_23
STX엔진,2024.07.03,"조선 상장기업 7월 브랜드평판...1위 HD현대중공업, 2위 HD한국조선해양...",https://www.pinpointnews.co.kr/news/articleView.html?idxno=274806
STX엔진,2024.07.04,삼영이엔씨 주가 훨훨...해운 시장 회복에 조선기자재 시장 쑥쑥,https://www.pinpointnews.co.kr/news/articleView.html?idxno=275146
STX엔진,2024.07.05,"""조선 수주 촉각""...HD한국조선해양 등 조선주 '장중 하락'",http://www.choicenews.co.kr/news/articleView.html?idxno=132543
STX엔진,2024.07.08,오리엔탈정공 주가 기세등등... 주요 대형소 선박 건조량 내년까지 양적...,https://www.pinpointnews.co.kr/news/articleView.html?idxno=275716
STX엔진,2024.07.09,2024년 인도 해양 산업 정보,http://dream.kotra.or.kr/kotranews/cms/news/actionKotraBoardDetail.do?SITE_NO=3&MENU_ID=200&CONTENTS_NO=1&bbsGbn=403&bbsSn=403&pNttSn=216662
STX엔진,2024.07.10,"유암코,  지분율 감소",https://www.bloter.net/news/articleView.html?idxno=619116
STX엔진,2024.07.10,코스피 연고점 경신···한동훈 테마주 '上上上',http://www.enewstoday.co.kr/news/articleView.html?idxno=2150603
STX엔진,2024.07.11,"외국인, 현대로템 대량 매수",https://www.mk.co.kr/article/11064889
STX엔진,2024.07.11,"내부자 거래 사전공시 시행 임박에…임원진, 자사주 내다팔기 횡행",https://www.newsway.co.kr/news/view?ud=2024071019434778061
STX엔진,2024.07.15,"공정위, 'HD현대-STX重 결합' 조건부 승인…3년간 공급거절 금지",https://www.news1.kr/economy/trend/5479267
STX엔진,2024.07.15,HD한국조선해양-STX중공업 M&A ‘조건부 승인’,http://www.edaily.co.kr/news/newspath.asp?newsid=02564966638954848
STX엔진,2024.07.15,"HD한국조선해양, ""STX중공업 품고, 시너지 극대화""(종합)",https://www.newsis.com/view/NISX20240715_0002811340
STX엔진,2024.07.15,"공정위, HD한국조선해양의 STX중공업 인수 조건부 승인",https://www.news2day.co.kr/article/20240715500228
STX엔진,2024.07.15,"HD한국조선해양, STX중공업 품는다",https://www.newsgn.com/news/articleView.html?idxno=428804
STX엔진,2024.07.15,"공정위, HD현대·STX重 기업결합 조건부 승인",http://www.iminju.net/news/articleView.html?idxno=104657
STX엔진,2024.07.15,"HD한국조선해양, STX중공업 인수 조건부 승인...공정위 ""3년간 경쟁사 공...",http://www.newslock.co.kr/news/articleView.html?idxno=94220
STX엔진,2024.07.15,"공정위, HD한국조선해양·STX중공업 기업결합 '조건부 승인'",https://www.ulsanpress.net/news/articleView.html?idxno=531839
STX엔진,2024.07.15,HD한국조선해양-STX중공업 '기업결합 조건부 승인'...3년간 공급거절 등...,https://www.pointe.co.kr/news/articleView.html?idxno=26594
STX엔진,2024.07.15,코츠테크놀로지 주가 폭등랠리...K2 전차 해외 수출 확대로 실적개선 '기...,https://www.pinpointnews.co.kr/news/articleView.html?idxno=276951
STX엔진,2024.07.15,"공정위, HD한국조선해양-STX중공업 결합 조건부 승인",https://www.iusm.co.kr/news/articleView.html?idxno=1043250
STX엔진,2024.07.15,"공정위, HD한국조선해양-STX중공업 기업결합 조건부 승인",https://www.dnews.co.kr/uhtml/view.jsp?idxno=202407151111005510618
STX엔진,2024.07.15,"공정위, HD한국조선의 STX중공업 인수 조건부 승인",https://news.einfomax.co.kr/news/articleView.html?idxno=4317141
STX엔진,2024.07.15,HD한국조선해양‧STX중공업 기업결합 조건부 승인,https://www.energy-news.co.kr/news/articleView.html?idxno=204345
STX엔진,2024.07.16,"""거대 선박 엔진‧부품 회사 탄생"" HD현대, STX중공업 품는다…공정위 ...",https://www.newsquest.co.kr/news/articleView.html?idxno=227422
STX엔진,2024.07.16,"""이대론 한화엔진 멈춘다""...HD현대+STX중공업에 붙은 공정위 조건",http://news.mt.co.kr/mtview.php?no=2024071517470182153
STX엔진,2024.07.16,"HD현대중공업, STX중공업인수···HD현대마린엔진으로 사명 변경",http://www.wsobi.com/news/articleView.html?idxno=247544
STX엔진,2024.07.16,"HD현대그룹주 주가 장중 강세, STX중공업 기업결합 승인 소식에 투심 개...",https://www.businesspost.co.kr/BP?command=article_view&num=359054
STX엔진,2024.07.16,"HD한국조선-STX重, 결합 조건부 승인",http://www.knnews.co.kr/news/articleView.php?idxno=1437148
STX엔진,2024.07.16,공정위 ‘STX중공업 조건부 승인’에 HD현대 주...,https://www.news2day.co.kr/article/20240716500117
STX엔진,2024.07.16,"STX중공업, 주가 급등… HD현대그룹 피인수에 ""가동률 상승 시간 문제""",http://www.thebigdata.co.kr/view.php?ud=202407160523135119cd1e7f0bdf_23
STX엔진,2024.07.16,"STX중공업, ‘HD현대마린엔진’으로 새출발… HD현대 ‘조선업 수직계열...",http://sateconomy.co.kr/news/view/1065587078397560
STX엔진,2024.07.16,"공정위, HD한국조선해양·STX重 합병 조건부 승인...선박엔진 경쟁력 강...",https://www.ajunews.com/view/20240715150233689
STX엔진,2024.07.16,동성화인텍 주가 조정 끝났나...기관은 5거래일 연속 매수,https://www.pinpointnews.co.kr/news/articleView.html?idxno=277210
STX엔진,2024.07.17,"HD현대그룹株, 파죽지세…""이젠 선박엔진도 장악""",https://www.hankyung.com/article/2024071784796
STX엔진,2024.07.17,"조선주, 동반 순항…트럼프·호황·기업결합 '삼박자'",http://news.tf.co.kr/read/economy/2116345.htm
STX엔진,2024.07.20,"빅텍 주가 휘파람... ""우크라이나에 무기 지원 문제 재검토 예정""",https://www.pinpointnews.co.kr/news/articleView.html?idxno=277947
STX엔진,2024.07.23,현대로템 주가 쑥쑥... 외국인 5거래일 연속 대량 차익매물은 경계를,https://www.pinpointnews.co.kr/news/articleView.html?idxno=278290
STX엔진,2024.07.24,주가 급등…해군 함정용 디젤엔진 수주증가 주목,http://www.thebigdata.co.kr/view.php?ud=20240724070418999cd1e7f0bdf_23
STX엔진,2024.07.24,"'상장 후 첫 성적표' HD현대마린솔루션, 정기선 승부수 통했다",https://www.econovill.com/news/articleView.html?idxno=661441
STX엔진,2024.07.25,한화시스템 주가 휘파람...한국형 구축함 통합마스트(KDDX I-MAST) 부각,https://www.pinpointnews.co.kr/news/articleView.html?idxno=278664
STX엔진,2024.07.25,한국카본 주가 힘찬 뱃노래... 해운 시장 회복에 선박 수요 증가,https://www.pinpointnews.co.kr/news/articleView.html?idxno=278668
STX엔진,2024.07.26,HD현대중공업·STX중공업·HD현대미포·HD한국조선해양 등 조선株 초강세,https://www.yeongnam.com/web/view.php?key=20240726001115226
STX엔진,2024.07.26,STX중공업 주가 뜀박질... 친환경 선박 수요 급증,https://www.pinpointnews.co.kr/news/articleView.html?idxno=279008
STX엔진,2024.07.26,"'실적 축포' HD현대 계열 조선株, 일제히 신고가",https://www.yna.co.kr/view/AKR20240726042000008?input=1195m
STX엔진,2024.07.26,"“불안한 장세엔 ‘슈퍼사이클’ 실적주”…HD현대 조선株 패밀리, 신고...",https://news.heraldcorp.com/view.php?ud=20240726050586
STX엔진,2024.07.26,'호실적' HD현대 계열 조선株···일제히 급등,https://www.ziksir.com/news/articleView.html?idxno=64494
STX엔진,2024.07.26,2분기 호실적 속...국내 조선주 주가 '장중 껑충',http://www.choicenews.co.kr/news/articleView.html?idxno=133511
STX엔진,2024.07.26,"코스피, 기관 순매수에 0.78% 반등···금융·조선·건설株 강세",http://www.enewstoday.co.kr/news/articleView.html?idxno=2157500
STX엔진,2024.07.26,"'실적 축포' HD현대 조선株, 일제히 신고가…""슈퍼사이클 진입""(종합)",https://www.yna.co.kr/view/AKR20240726042051008?input=1195m
STX엔진,2024.07.26,"“물 들어온다, 노 저어라”…HD현대 계열 조선株 일제히 신고...",https://news.heraldcorp.com/view.php?ud=20240726050143
STX엔진,2024.07.27,"조선업 슈퍼사이클 진입...HD한국조선해양, HD현대중공업, HD현대미포 주...",https://www.pinpointnews.co.kr/news/articleView.html?idxno=279108
STX엔진,2024.07.29,STX중공업·태광 등 조선기자재 관련주 오름세…기술력 지수 '저평가',https://www.pointdaily.co.kr/news/articleView.html?idxno=212818
STX엔진,2024.07.29,한라IMS 주가도 흥얼흥얼...조선 발주량 급증으로 새로운 황금기 진입,https://www.pinpointnews.co.kr/news/articleView.html?idxno=279355
STX엔진,2024.07.30,""" 안녕""…HD현대마린엔진 공식 출범",https://www.econovill.com/news/articleView.html?idxno=662096
STX엔진,2024.07.31,한국항공우주산업 주가 덩실덩실...한화시스템ㆍ한화에어로스페이스 등...,https://www.pinpointnews.co.kr/news/articleView.html?idxno=279665
STX엔진,2024.07.31,케이에스피 주가 기세등등... 조선업 호황과 친환경 사업 확대로 실적개...,https://www.pinpointnews.co.kr/news/articleView.html?idxno=279776
STX엔진,2024.08.01,한화시스템 주가 기진맥진 왜?... 외국인은 5거래일 폭풍매도,https://www.pinpointnews.co.kr/news/articleView.html?idxno=279874
STX엔진,2024.08.01,“트럼프 덕에 K-방산 또 축포 터진다”…수주 기대감에 들썩이는 방산...,https://magazine.hankyung.com/money/article/202407179447c
STX엔진,2024.08.01,삼영이엔씨 주가 불꽃랠리... 포항 영일만 '대왕고래' 유전 개발서 대박...,https://www.pinpointnews.co.kr/news/articleView.html?idxno=279961
STX엔진,2024.08.02,"대성하이텍 주가 거침없는 떡상랠리...헤즈볼라 수장 ""이스라엘 꼼짝마...",https://www.pinpointnews.co.kr/news/articleView.html?idxno=280181
STX엔진,2024.08.02,"HD현대중공업, 조선 상장기업 브랜드평판 8월...1위",http://www.beyondpost.co.kr/view.php?ud=20240802085430566246a9e4dd7f_30
STX엔진,2024.08.02,"HD현대중공업, 조선 상장기업 브랜드평판 8월 빅데이터 분석 1위",http://www.thebigdata.co.kr/view.php?ud=2024080207344042807d270612f_23
STX엔진,2024.08.02,"HD현대중공업, 조선 상장기업 브랜드평판 8월 1위···HD한...",https://www.enetnews.co.kr/news/articleView.html?idxno=27684
STX엔진,2024.08.02,"조선 상장기업 브랜드평판 8월 1위 HD현대중공업, 2위 HD한국조선해양,...",https://www.pinpointnews.co.kr/news/articleView.html?idxno=280103
STX엔진,2024.08.03,스페코 주가 들썩...외국인은 30만주 이상 대량매도 '찬물',https://www.pinpointnews.co.kr/news/articleView.html?idxno=280287
STX엔진,2024.08.04,"태광 주가 상승랠리 돋보이네... ""조선업 호황에 매출 성장 기대""",https://www.pinpointnews.co.kr/news/articleView.html?idxno=280366
STX엔진,2024.08.05,"휴니드 주가 덩실덩실...미국, 군함 급파 등 중동 긴장 고조",https://www.pinpointnews.co.kr/news/articleView.html?idxno=280451
STX엔진,2024.08.06,"스페코 주가 함박웃음...이란, 이스라엘 보복 전망에 방산주 매수 '후끈...",https://www.pinpointnews.co.kr/news/articleView.html?idxno=280564
STX엔진,2024.08.06,오리엔탈정공 주가 뜀박질... 부산시와 에코델타시티에 R&D 캠퍼스 건립...,https://www.pinpointnews.co.kr/news/articleView.html?idxno=280721
STX엔진,2024.08.07,스페코 주가 급등랠리... 이란과 이스라엘 갈등 일촉즉발,https://www.pinpointnews.co.kr/news/articleView.html?idxno=280747
STX엔진,2024.08.08,STX중공업 주가 힘찬 뱃노래~...조선 수퍼사이클 기조 본격화 매수 후끈,https://www.pinpointnews.co.kr/news/articleView.html?idxno=281173
STX엔진,2024.08.13,기계業 주식종목 시총 하락에 우울…두산에너빌리티 웃...,https://www.greened.kr/news/articleView.html?idxno=317568
STX엔진,2024.08.13,빅텍 주가 폭등랠리... K-방산의 숨은 주역 부각,https://www.pinpointnews.co.kr/news/articleView.html?idxno=281877
STX엔진,2024.08.14,2분기 영업이익률 개선 실적에 22%대 강세,http://news.mt.co.kr/mtview.php?no=2024081415071627755
STX엔진,2024.08.14,세아STX엔테크 기업회생 신청…김진아 글로벌세아 대표 전면 나서나,https://ilyo.co.kr/?ac=article_view&entry_id=477263
STX엔진,2024.08.14,"HD현대에너지솔루션·뉴트리·성도이엔지·셀레믹스 등 8종목 상한가, 젠...",https://www.yeongnam.com/web/view.php?key=20240814001555032
STX엔진,2024.08.14,코스피 4000억 가까이 순매수한 외국인…2Q 실적 마지막날,http://news.mt.co.kr/mtview.php?no=2024081415515962661
STX엔진,2024.08.15,"주가 룰루랄라~...""영업이익 등 실적개선 지속 가능성""",https://www.pinpointnews.co.kr/news/articleView.html?idxno=282164
STX엔진,2024.08.16,2분기 실적 호황에 상한가,https://www.etoday.co.kr/news/view/2391371
STX엔진,2024.08.16,"‘실적 호조’ , 2거래일 연속 10%대 상승",http://www.edaily.co.kr/news/newspath.asp?newsid=01640006638987976
STX엔진,2024.08.16,"뉴욕증시, '활발한 소비'에 강세…나스닥 2.34%↑ 外",http://www.yonhapnewstv.co.kr/MYH20240816003800641/?input=1825m
STX엔진,2024.08.16,에스유홀딩스 29% 급등 외... 재무 상태는?,https://www.itooza.com/common/iview.php?no=2024081615380133258
STX엔진,2024.08.16,"美 훈풍, 코스피 '급등'...삼성전자 · SK하이닉스 '껑충'",http://www.choicenews.co.kr/news/articleView.html?idxno=134421
STX엔진,2024.08.16,"코스피 장중 미국 증시 훈풍에 1.5%대 올라 2700선 눈앞, 코스닥 1%대 올...",https://www.businesspost.co.kr/BP?command=article_view&num=362472
STX엔진,2024.08.16,"코스피, 5거래일 연속 상승···삼성전자 3.89%↑",http://www.enewstoday.co.kr/news/articleView.html?idxno=2165026
STX엔진,2024.08.16,"코스피, 외국인·기관 매수에 1%대 강세…2690선 유지",http://www.edaily.co.kr/news/newspath.asp?newsid=02191046638987976
STX엔진,2024.08.16,외국인·기관 쌍끌이 매수에 강세…‘8만전자’ 복귀,http://www.edaily.co.kr/news/newspath.asp?newsid=02374726638987976
STX엔진,2024.08.16,"한국화장품제조 18.2%↑, 14개 종목 장중 신고가",https://www.itooza.com/common/iview.php?no=2024081609353666985
STX엔진,2024.08.17,"파미셀, , 유라클, 엠폭스 관련주",https://www.pointdaily.co.kr/news/articleView.html?idxno=215615
STX엔진,2024.08.17,실적 호황에 '함박웃음'…ㆍ한국가스공사ㆍ파미...,https://www.etoday.co.kr/news/view/2391374
STX엔진,2024.08.17,주가 떡상랠리...2분기 실적 호조에 매수 '후끈',https://www.pinpointnews.co.kr/news/articleView.html?idxno=282422
STX엔진,2024.08.18,HLB vs 모나리자…다음 주 부자 종목은?,https://news.mtn.co.kr/news-detail/2024081800084795341
STX엔진,2024.08.19,또 52주 신고가…실적호황에 주가 탄력,https://view.asiae.co.kr/article/2024081913520670013
STX엔진,2024.08.19,"KADEX 2024, 역대 최대 규모로 개최 예정...D-50",https://www.gukjenews.com/news/articleView.html?idxno=3069456
STX엔진,2024.08.19,"뉴욕증시, 침체 우려 완화에 올해 최고 주간 상승률",http://www.yonhapnewstv.co.kr/MYH20240819003400641/?input=1825m
STX엔진,2024.08.19,‘더 커진 중동 시장’…K-방산 “주력 무기 들고 현지 갑니다”,http://www.sentv.co.kr/news/view/693423
STX엔진,2024.08.19,"삼성전자, 엇갈린 전망...하반기 최선호주 vs 목표가...",https://www.nbntv.kr/news/articleView.html?idxno=331937
STX엔진,2024.08.20,"최대주주 유암코, 지분 일부 매각...230억 규모",https://www.bloter.net/news/articleView.html?idxno=621660
STX엔진,2024.08.20,'K-방산 수혜주'로 엔진 자주포·전차 등에 공급,http://www.smedaily.co.kr/news/articleView.html?idxno=301023
STX엔진,2024.08.20,주가 급락…투자경고 예고에 '거래 정지' 가능성,http://www.thebigdata.co.kr/view.php?ud=202408200755027677cd1e7f0bdf_23
STX엔진,2024.08.20,기업공시,https://www.sedaily.com/NewsView/2DD3AGA5HD
STX엔진,2024.08.20,KADEX 개최 D-43…역대 최대규모 부스 차려진다,https://www.seoul.co.kr/news/politics/diplomacy/2024/08/20/20240820500030?wlog_tag3=naver
STX엔진,2024.08.20,"KADEX, 국군의 날 기념행사와 연계 개최",https://www.job-post.co.kr/news/articleView.html?idxno=112267
STX엔진,2024.08.21,"美 증시, 잭슨홀 앞두고 숨고르기…엔...",https://www.news2day.co.kr/article/20240821500005
STX엔진,2024.08.21,"KADEX 2024, 국군의 날 기념행사와 연계 개최",https://www.seoul.co.kr/news/politics/diplomacy/2024/08/20/20240820500204?wlog_tag3=naver
STX엔진,2024.08.22,"하반기 이어지는 방산주 기대감,  비츠로셀 제노코 스몰캡도 볕...",https://www.businesspost.co.kr/BP?command=article_view&num=363192
STX엔진,2024.08.22,글로벌 선박엔진 4대 중 1대는 경남서 만든다,https://www.idomin.com/news/articleView.html?idxno=918975
STX엔진,2024.08.22,"외국인, 우진엔텍 집중 매수",https://www.mk.co.kr/article/11099067
STX엔진,2024.08.23,금리인하 본격 수혜 하반기 힘 받고 오를 증권주 ...,https://news.mtn.co.kr/news-detail/2024082312191997187
STX엔진,2024.08.25,우진엔텍 주가 '불끈'...원전 안전성 고조 예방정비 기술 개발 박차,https://www.pinpointnews.co.kr/news/articleView.html?idxno=283788
STX엔진,2024.08.28,기업공시,https://www.sedaily.com/NewsView/2DD6XRMQ5G
STX엔진,2024.08.28,현대차·우리금융지주·금양 등,https://www.etoday.co.kr/news/view/2395205
STX엔진,2024.08.29,실적 턴어라운드… K-방산으로 끌고 민수로 뒷받침,https://www.ekn.kr/web/view.php?key=20240829021331495
STX엔진,2024.08.29,주가 급등…'K9 자주포' 이집트 수출에 낙수효과 기대,http://www.thebigdata.co.kr/view.php?ud=202408290701379336cd1e7f0bdf_23
STX엔진,2024.08.29,"하나증권 “, 민수 부문과 특수 부문 양쪽서 호실적 지속 가능”",https://www.businesspost.co.kr/BP?command=article_view&num=363943
STX엔진,2024.08.29,""", 특수 부문 실적 성장 견인…조선·플랜트 실적 개선 어렵다""",https://www.insightkorea.co.kr/news/articleView.html?idxno=208586
STX엔진,2024.08.29,"美 증시,엔비디아 경계감 속 하락…테슬...",https://www.news2day.co.kr/article/20240829500011
STX엔진,2024.08.29,"KT, 하반기 수익성 개선 속도 빨라질 것",https://www.etoday.co.kr/news/view/2395316
STX엔진,2024.08.29,8월 28일 주식시장 주요 공시,https://www.nbnews.kr/news/articleView.html?idxno=97100
STX엔진,2024.08.30,GS글로벌 vs  vs 이랜시스…내일의 부자...,https://news.mtn.co.kr/news-detail/2024083008371155070
STX엔진,2024.08.30,방산 엔진 시장서 두각... 외국인 vs 기관은 치열한 매매공방,https://www.pinpointnews.co.kr/news/articleView.html?idxno=284867
STX엔진,2024.09.01,"""여기가 바로 우리의 무대"" 경남 청소년 모여 벌인 축제",https://www.idomin.com/news/articleView.html?idxno=919588
STX엔진,2024.09.03,SNT모티브 주가 다시 기지개... 자사주 취득은 장기적 성장 위한 투자,https://www.pinpointnews.co.kr/news/articleView.html?idxno=285709
STX엔진,2024.09.03,"HD현대중공업, 조선 상장기업 브랜드평판 2024년 9월...1위",http://www.beyondpost.co.kr/view.php?ud=2024090309311231846a9e4dd7f_30
STX엔진,2024.09.03,"HD현대중공업, 조선 상장기업 브랜드평판 9월 1위…HD한국조선해양·삼...",http://www.thebigdata.co.kr/view.php?ud=2024090306574850707d270612f_23
STX엔진,2024.09.03,"HD현대중공업, 조선 상장기업 9월 1위···HD한국조선해양...",https://www.enetnews.co.kr/news/articleView.html?idxno=28908
STX엔진,2024.09.03,"조선 상장기업 브랜드평판, 9월 1위 HD현대중공업, 2위 HD한국조선해양...",https://www.pinpointnews.co.kr/news/articleView.html?idxno=285565
STX엔진,2024.09.04,HD현대중공업 등 조선주 '장중 급락'...한국투자증권 진단은?,http://www.choicenews.co.kr/news/articleView.html?idxno=135196
STX엔진,2024.09.06,"국립창원대, 11일 취업박람회…20개 대기업 등 참여한다",https://www.newsis.com/view/NISX20240906_0002878460
STX엔진,2024.09.06,"국립창원대, 11일 취업박람회…20개 대기업 등 참여한다",https://www.widedaily.com/news/articleView.html?idxno=244692
STX엔진,2024.09.07,"한국카본, 2분기 큰폭 실적개선 배경은?...환율 상승에 따른 환차익 반...",https://www.pinpointnews.co.kr/news/articleView.html?idxno=286634
STX엔진,2024.09.08,'STX그룹' 창원·진해서 급성장한 신흥 강자...수직계열화란 독이 든 성...,https://www.idomin.com/news/articleView.html?idxno=920060
STX엔진,2024.09.08,인화정공 주가 들썩... 주가 안정화와 주주 가치 제고 박차,https://www.pinpointnews.co.kr/news/articleView.html?idxno=286678
STX엔진,2024.09.10,삼영이엔씨 주가 훨훨...국내외 방산 시장 성장세와 맞물려 실적개선 '...,https://www.pinpointnews.co.kr/news/articleView.html?idxno=287182
STX엔진,2024.09.11,4시간 취업박람회에 2500여명 몰렸다,http://www.knnews.co.kr/news/articleView.php?idxno=1441926
STX엔진,2024.09.13,"HD현대마린엔진 주가 힘찬 뱃노래...""회사와 함께 성장하겠다"" 임원들 자...",https://www.pinpointnews.co.kr/news/articleView.html?idxno=287854
STX엔진,2024.09.13,현대로템 주가 들썩...해외 철도 차량 수주 늘며 실적 개선 뚜렷,https://www.pinpointnews.co.kr/news/articleView.html?idxno=287917
STX엔진,2024.09.15,방산 엔진 시장의 강자… 고효율 4행정 엔진 기술력 주목,https://www.pinpointnews.co.kr/news/articleView.html?idxno=287977
STX엔진,2024.09.16,대양전기공업 주가 쑥쑥...사우디아라비아 국영 석유회사 아람코와 무슨...,https://www.pinpointnews.co.kr/news/articleView.html?idxno=288211
STX엔진,2024.09.17,"현대힘스, 독립형 연료탱크 사업 추진 미래 성장 동력 확보",https://www.pinpointnews.co.kr/news/articleView.html?idxno=288280
STX엔진,2024.09.19,"삼영이엔씨 주가 휘파람... 제3자배정 유상증자 결정, 사업 확장에 가속...",https://www.pinpointnews.co.kr/news/articleView.html?idxno=288595
STX엔진,2024.09.21,산업통상자원부 주간계획(9월23~ 27일),http://www.edaily.co.kr/news/newspath.asp?newsid=01577686639022416
STX엔진,2024.09.21,"현대로템, 폴란드 K2 수주 기대감... 목표주가는 6만 9000원",https://www.pinpointnews.co.kr/news/articleView.html?idxno=288958
STX엔진,2024.09.22,정부부처 주간 일정 및 보도계획(9월 23~27일),http://news.mt.co.kr/mtview.php?no=2024092209301528867
STX엔진,2024.09.22,경제·사회부처 주간 일정 (9월 23일 ~ 29일),https://www.etoday.co.kr/news/view/2402486
STX엔진,2024.09.23,주가 급등…베트남 K9 수출 '가시권' 엔진공급 부각,http://www.thebigdata.co.kr/view.php?ud=202409230655189840cd1e7f0bdf_23
STX엔진,2024.09.24,최대주주 유암코기업리바운스제팔차기업 지분율 하향조정,https://www.fetv.co.kr/news/article.html?no=175207
STX엔진,2024.09.24,"DX KOREA 2024, 갈등 속 규모 축소···K-방산 시너지도 양분화?",http://www.paxetv.com/news/articleView.html?idxno=212947
STX엔진,2024.09.25,‘K-방산 기술’ 26개국에서 보러온다… 우크라 ‘이동식 드론시스템’...,https://www.munhwa.com/news/view.html?no=2024092501070830114001
STX엔진,2024.09.25,자주포·전차에 '국산 심장' 탑재 … 방산 수출길 넓힌다,https://www.mk.co.kr/article/11125056
STX엔진,2024.09.26,"외국인,  집중 매수",https://www.mk.co.kr/article/11126041
STX엔진,2024.09.26,“K자주포 완전체가 뜬다”…엔진까지 우리손으로 만들어 독자수출 길 ...,https://www.mk.co.kr/article/11125208
STX엔진,2024.09.26,15개국 365개사 한자리에… ‘K - 방산의 미래’ 펼쳐진다,https://www.munhwa.com/news/view.html?no=2024092601032830114003
STX엔진,2024.09.26,"'고공행진' 방산주, 중동 전면전 조짐에도 '주춤'…향방은",https://www.cstimes.com/news/articleView.html?idxno=612053
STX엔진,2024.09.27,K9 자주포 엔진 국산화 완료…수출 경쟁력 강화,https://www.kmib.co.kr/article/view.asp?arcid=0020567935&code=61111111&cp=nv
STX엔진,2024.09.27,K9자주포 국산엔진 첫 양산 기념식…1호기 출고,https://www.newsis.com/view/NISX20240927_0002902423
STX엔진,2024.09.27,‘1000마력급 K9자주포용 국산엔진' 양산 1호기 출고,https://www.kukinews.com/article/view/kuk202409270181
STX엔진,2024.09.27,"방산도시 창원시, ‘1,000마력급 K9자주포용 엔진’ 국산화 결실",http://www.breaknews.com/1059562
STX엔진,2024.09.27,'부당대출 의혹' 우리은행 전 본부장 영장심사,https://www.safetimes.co.kr/news/articleView.html?idxno=219660
STX엔진,2024.09.27,경남(9월27일 금요일),https://www.newsis.com/view/NISX20240926_0002901260
STX엔진,2024.09.27,한국은행·대한상의 공동 세미나...,https://www.mediapen.com/news/view/957357
STX엔진,2024.09.27,한국은행 9월 기업경기조사 결과 및 경제심리지수(...,https://www.asiatime.co.kr/article/20240926500381
STX엔진,2024.09.27,경남(9월27일 금요일),http://www.econonews.co.kr/news/articleView.html?idxno=355845
STX엔진,2024.09.27,경제(9월27일 금요일),https://www.newsis.com/view/NISX20240926_0002899931
STX엔진,2024.09.27,경제(9월27일 금요일),http://www.econonews.co.kr/news/articleView.html?idxno=355847
STX엔진,2024.09.27,"한덕수 국무총리, 인재 양성 전...",https://www.mediapen.com/news/view/957358
STX엔진,2024.09.28,"창원특례시, K-방산의 힘, ‘1000마력급 K9자주포용 엔진’ 국산화 결실",https://www.dnews.co.kr/uhtml/view.jsp?idxno=202409280008555710437
STX엔진,2024.09.28,"창원에서 '1,000마력급 K9자주포용 엔진' 국산화 결실 맺다",http://www.enewstoday.co.kr/news/articleView.html?idxno=2181533
STX엔진,2024.09.28,"K9 자주포 엔진 국산화 완료...""수출 확대 기대""",https://www.ytn.co.kr/_ln/0101_202409280855218402
STX엔진,2024.09.28,K9 엔진 국산화 1호품 출고,https://www.chosun.com/economy/industry-company/2024/09/28/5YMLIODH4VHLNLZY4MS7TNBVJE/?utm_source=naver&utm_medium=referral&utm_campaign=naver-news
STX엔진,2024.09.28,핵심 제품ㆍ기술 국산화…‘K-방산’ 글로벌 무대로 수출길 넓힌다,https://www.etoday.co.kr/news/view/2404769
STX엔진,2024.09.29,K9 자주포 양산 1호기 출고,http://www.gnmaeil.com/news/articleView.html?idxno=549170
STX엔진,2024.09.29,K9자주포 국산엔진 1호기 출고 기념식 개최,http://www.gndomin.com/news/articleView.html?idxno=408306
STX엔진,2024.09.29,1000마력급 K9 자주포용 엔진 국산화 결실,http://www.gnnews.co.kr/news/articleView.html?idxno=563029
STX엔진,2024.09.29,"창원시, 1000마력급 K9자주포용 엔진 국산화 결실",http://www.shinailbo.co.kr/news/articleView.html?idxno=1938142
STX엔진,2024.09.29,"K-방산의 힘 'K9 자주포'의 심장, 엔진 국산화 결실",https://www.newsgn.com/news/articleView.html?idxno=441305
STX엔진,2024.09.29,K9 자주포 국산 엔진 양산…K방산 해외진출 이끈다,https://kookbang.dema.mil.kr/newsWeb/20240930/2/ATCE_CTGR_0010010000/view.do
STX엔진,2024.09.29,K9 자주포 엔진 국산화 완료…독자수출 경쟁력 강화,https://www.thepublic.kr/news/articleView.html?idxno=236577
STX엔진,2024.09.29,"창원특례시, K-방산의 힘 '1,000마력급 K9자주포용 엔진' 국산화 결실",https://www.newsfreezone.co.kr/news/articleView.html?idxno=589721
STX엔진,2024.09.29,"창원시, K-방산의 힘 '1,000마력급 K9자주포용 엔진' 국산화 결실",https://www.newsgn.com/news/articleView.html?idxno=441259
STX엔진,2024.09.30,"iM증권 "" 실적 개선 가속, 이집트 K9 자주포용 엔진 수출 확대""",https://www.businesspost.co.kr/BP?command=article_view&num=367362
STX엔진,2024.09.30,"(077970), 이집트향 수출 확대...실적...",http://www.newslock.co.kr/news/articleView.html?idxno=97844
STX엔진,2024.09.30,"K9 자주포 엔진 국산화 '개가'...""수출 확대 청신호""",http://www.paxetv.com/news/articleView.html?idxno=213341
STX엔진,2024.09.30,"창원시, K-방산의 힘 '1,000마력급 K9자주용포 엔진' 국산화 결실",https://www.gukjenews.com/news/articleView.html?idxno=3100827
STX엔진,2024.09.30,"스페코 주가 고공행진... 이스라엘군, 레바논 수도 도심 첫 맹폭",https://www.pinpointnews.co.kr/news/articleView.html?idxno=290586
STX엔진,2024.09.30,글로벌 안보 위기 속… 전 세계 방산기업 한국에 총집합,https://www.donga.com/news/Politics/article/all/20240928/130118394/2
STX엔진,2024.09.30,"삼성SDI, 유럽향 판매 부진 속 북미향 신차 효과 기...",https://www.etoday.co.kr/news/view/2405132
STX엔진,2024.09.30,'일촉즉발' 중동 미군 추가 배치 준비…해운주 강세,https://biz.sbs.co.kr/article_hub/20000193974?division=NAVER
STX엔진,2024.10.01,K9 자주포 국산 엔진 개발 성공 중동 수출 가속,https://www.pinpointnews.co.kr/news/articleView.html?idxno=290753
STX엔진,2024.10.02,'대한민국 국제방위산업전시회' 참가,https://www.lcnews.co.kr/news/articleView.html?idxno=85349
STX엔진,2024.10.02,"SNT모티브, ‘대한민국 국제방위산업전시회(KADEX)’ 참가…신형 소구경...",https://www.kukinews.com/article/view/kuk202410020215
STX엔진,2024.10.02,경남 방산 기업들 방위산업전 'KADEX 2024' 참가,http://www.gnnews.co.kr/news/articleView.html?idxno=563248
STX엔진,2024.10.02,"KADEX 2024, 대한민국 최대 세계적 방산전시회 계룡대에서 개최",https://www.gokorea.kr/news/articleView.html?idxno=805387
STX엔진,2024.10.02,"""충남을 방위산업 전초기지로"" KADEX 2024 막 올랐다",https://www.newsis.com/view/NISX20241002_0002907028
STX엔진,2024.10.02,이스라엘·이란 충돌 격화…상승세 타는 방산·정유株,https://economist.co.kr/article/view/ecn202410020074
STX엔진,2024.10.02,이스라엘·이란 충돌에 방산·정유株 강세(종합),https://www.yna.co.kr/view/AKR20241002047751008?input=1195m
STX엔진,2024.10.02,한일단조 주가 고공행진...자동차 부품부터 방산 글로벌 부품 공급망 중...,https://www.pinpointnews.co.kr/news/articleView.html?idxno=290919
STX엔진,2024.10.02,방산 전시회 KADEX 2024 개최…365개 업체 참가,http://www.g-enews.com/ko-kr/news/article/news_all/202410021536365669290c42db76_1/article.html
STX엔진,2024.10.02,이스라엘·이란 확전에 정유·방산주 '강세'…흥구석유 7.15%↑·LIG넥스원...,http://www.namdonews.com/news/articleView.html?idxno=792555
STX엔진,2024.10.02,"KADEX 2024, 국내 방산업체들 혁신 기술 선보여",http://www.newsroad.co.kr/news/articleView.html?idxno=31494
STX엔진,2024.10.02,"방산전시회 KADEX 개막, 365개사 참가…“아시아 최대 방산수출 플랫폼...",https://news.heraldcorp.com/view.php?ud=20241002050623
STX엔진,2024.10.02,"대한민국 최대 방산 전시회 ‘KADEX 2024’, 2일 계룡대서 개막",https://www.ekn.kr/web/view.php?key=20241002027149433
STX엔진,2024.10.03,대한민국 국제방위산업전시회 참가,http://www.gndomin.com/news/articleView.html?idxno=408682
STX엔진,2024.10.03,KADEX서 최신 방산 기술 선보여,http://www.g-enews.com/ko-kr/news/article/news_all/202410032043163724290c42db76_1/article.html
STX엔진,2024.10.03,K9 자주포 국산화 디젤엔진 'SMV1000' 선봬,http://www.paxetv.com/news/articleView.html?idxno=213567
STX엔진,2024.10.03,"K-방산, 국내 최대 전시회서 주력 제품·미래 전장 솔루션 선봬",https://www.ekn.kr/web/view.php?key=20241003021039960
STX엔진,2024.10.03,세계 최대 방위산업 축제 개막…365개 방산업체 참여,https://www.imaeil.com/page/view/2024100314115615700
STX엔진,2024.10.03,"최첨단 무기 체계 한곳에… 경남 방산, KADEX서 기술력 홍보",http://www.knnews.co.kr/news/articleView.php?idxno=1443402
STX엔진,2024.10.03,"""무인기 날고 로봇개 뛰어다닌다"" 2024 KADEX",https://www.econovill.com/news/articleView.html?idxno=668661
STX엔진,2024.10.04,미래 선진 국산화 제품 선보인다,http://www.enewstoday.co.kr/news/articleView.html?idxno=2183277
STX엔진,2024.10.04,최근 개발에 성공한 K9 자주포 디젤엔진 모형 최초...,https://www.news2day.co.kr/article/20241004500229
STX엔진,2024.10.04,"SNT모티브는 신규 총기, 도 국산화 K9 자주포 엔진...",http://www.paxetv.com/news/articleView.html?idxno=213681
STX엔진,2024.10.04,"이스라엘-헤즈볼라 충돌에 방산주 날개...LIG넥스원, 한화에어로스페이...",https://www.pinpointnews.co.kr/news/articleView.html?idxno=291230
STX엔진,2024.10.04,"HD현대중공업, 조선 상장기업 브랜드평판 10월...1위",http://www.beyondpost.co.kr/view.php?ud=20241004090655858146a9e4dd7f_30
STX엔진,2024.10.04,"HD현대중공업, 조선 상장기업 브랜드평판 10월 1위",http://www.thebigdata.co.kr/view.php?ud=20241004065528115307d270612f_23
STX엔진,2024.10.04,K-방산기술 한자리에...'KADEX 2024' 개막,http://www.newstnt.com/news/articleView.html?idxno=417192
STX엔진,2024.10.04,"HD현대중공업, 조선 상장기업 10월 1위···HD한국조선해...",https://www.enetnews.co.kr/news/articleView.html?idxno=29922
STX엔진,2024.10.04,"조선 상장기업 브랜드평판 10월 1위 HD현대중공업, 2위 HD한국조선해양...",https://www.pinpointnews.co.kr/news/articleView.html?idxno=291241
STX엔진,2024.10.05,엔진 국산화로 중동 수출 청신호 켜진 ‘K9 자주포’,https://www.news2day.co.kr/article/20241005500008
STX엔진,2024.10.06,한화엔진 주가 들썩... 중국 컨테이너선 수주 호황 직접 수혜,https://www.pinpointnews.co.kr/news/articleView.html?idxno=291551
STX엔진,2024.10.06,"경남 방산기업, '대한민국 국제방산 전시회'서 저력 알려",https://www.idomin.com/news/articleView.html?idxno=921659
STX엔진,2024.10.06,아시아 최대 지상무기박람회 'KADEX 2024' 6일 폐막…글로벌...,https://www.asiatoday.co.kr/view.php?key=20241006010002575
STX엔진,2024.10.07,'K9 자주포 탑재'  SMV 1000 이집트 생산 '9부 능선',https://www.theguru.co.kr/news/article.html?no=78048
STX엔진,2024.10.07,현대로템 주가 두둥실...중동의 지정학적 긴장 매수 '불티',https://www.pinpointnews.co.kr/news/articleView.html?idxno=291806
STX엔진,2024.10.08,사상최대 규모 ‘KADEX2024' 내년에는 몸집 더 키운다,https://www.newsis.com/view/NISX20241008_0002912458
STX엔진,2024.10.08,사상최대 규모 'KADEX2024' 내년에는 몸집 더 키운다,https://www.widedaily.com/news/articleView.html?idxno=247118
STX엔진,2024.10.09,'K9 자주포 탑재' SMV-1000 이집트 생산 확정,https://www.theguru.co.kr/news/article.html?no=78138
STX엔진,2024.10.09,"국민연금, 반도체 줄이고 조선 확대",https://www.hankyung.com/article/2024100941291
STX엔진,2024.10.10,"'큰손' 국민연금, 3분기 바이오 담고 반도체 덜었다",https://www.news1.kr/finance/general-stock/5564032
STX엔진,2024.10.10,"국민연금, 3분기에 바이오 사고 소부장·지주 팔았다",https://view.asiae.co.kr/article/2024100813462309979
STX엔진,2024.10.10,올해의 R&D 기술은?..'산업부 R&D 대표 10선' 선정 투표 개시,https://www.smarttoday.co.kr/news/articleView.html?idxno=61520
STX엔진,2024.10.11,스페코 주가 활짝...이스라엘과 레바논 간 군사적 긴장 부각,https://www.pinpointnews.co.kr/news/articleView.html?idxno=292611
STX엔진,2024.10.11,"한화에어로, 지상방산 실적 개선세 '견인'…신시장 중동 공략 기대",https://www.bloter.net/news/articleView.html?idxno=624438
STX엔진,2024.10.12,"한화에어로스페이스, 3분기 실적 서프라이즈 기대...목표주가는?",https://www.pinpointnews.co.kr/news/articleView.html?idxno=292760
STX엔진,2024.10.13,"풍산, 신동 및 방산 사업 두 축으로 성장... 지속적 R&D 투자 미래 경쟁...",https://www.pinpointnews.co.kr/news/articleView.html?idxno=292845
STX엔진,2024.10.14,"빅텍 주가 본격 발진?...합동참모본부, 대북 감시경계 및 화력대기 태세...",https://www.pinpointnews.co.kr/news/articleView.html?idxno=293073
STX엔진,2024.10.14,"방산 관계자만 3만 명 넘게 몰린 KADEX, ‘계룡대 개최’ 먹혔다",https://www.seoul.co.kr/news/society/2024/10/14/20241014500171?wlog_tag3=naver
STX엔진,2024.10.14,"K-방산 '고공행진'… 한화에어로, 중동 공략 기대",https://www.pinpointnews.co.kr/news/articleView.html?idxno=292998
STX엔진,2024.10.15,401억 예인음탐기·어뢰음향대항체계 공급계약,https://www.newsis.com/view/NISX20241015_0002920861
STX엔진,2024.10.15,402억 규모 함정 소나 체계 공급한다,https://dealsite.co.kr/articles/129614
STX엔진,2024.10.15,401억 규모 예인음탐기·어뢰음향대항 체계 공급계약 체결,https://www.businesspost.co.kr/BP?command=article_view&num=368949
STX엔진,2024.10.15,한화오션과 41억원대 공급계약 체결에 '급등',https://www.econovill.com/news/articleView.html?idxno=669756
STX엔진,2024.10.15,HD현대중공업ㆍLS마린솔루션ㆍㆍHDC현대산업...,https://www.etoday.co.kr/news/view/2409833
STX엔진,2024.10.15,HD한국조선해양 /  / 맥쿼리인프라,https://www.mk.co.kr/article/11140988
STX엔진,2024.10.15,한화엔진 주가 힘찬 뱃고동... 이중연료(DF) 선박 엔진 수요 급증,https://www.pinpointnews.co.kr/news/articleView.html?idxno=293308
STX엔진,2024.10.15,기업공시,https://www.sedaily.com/NewsView/2DFKUEMKGD
STX엔진,2024.10.16,주가 다시 꿈틀...한화오션과 41억원 장비 공급 계약 실적개선...,https://www.pinpointnews.co.kr/news/articleView.html?idxno=293359
STX엔진,2024.10.16,한화오션과 401억 계약…예인음탐기·어뢰음향대...,https://www.nbntv.kr/news/articleView.html?idxno=333370
STX엔진,2024.10.16,"뿌링클 치킨인가 카우인가, 특징주 , 원달러 환율...",https://www.econovill.com/news/articleView.html?idxno=669825
STX엔진,2024.10.16,'삼전 오만전자'에 국민연금도 오만상…평가액 14조 증발,https://www.news1.kr/finance/general-stock/5569944
STX엔진,2024.10.16,삼성전자 주가 부진에 국민연금 주식평가액 14조원 증발,https://biz.newdaily.co.kr/site/data/html/2024/10/16/2024101600198.html
STX엔진,2024.10.16,"美 증시, 반도체주 불안에 하락…인텔...",https://www.news2day.co.kr/article/20241015500261
STX엔진,2024.10.16,10월 15일 주식시장 주요공시,https://www.nbnews.kr/news/articleView.html?idxno=98987
STX엔진,2024.10.17,선박 발주 호황에 함께 웃는 국내 엔진회사들,https://www.etoday.co.kr/news/view/2410530
STX엔진,2024.10.17,"外人, 삼전은 안 사도 방산은 '꽉 잡아' ""수출 실적 200억 돌...",https://www.ytn.co.kr/_ln/0102_202410170727276537
STX엔진,2024.10.17,"""땡큐, TSMC"" 반도체주 반등 성공에도…코스피는 하락 마감",http://news.mt.co.kr/mtview.php?no=2024101716311960819
STX엔진,2024.10.17,"外人, 삼전은 안 사도 방산은 '꽉 잡아' ""수출 실적 200억 돌...",https://radio.ytn.co.kr/program/?f=2&id=98537&s_mcd=0206&s_hcd=15
STX엔진,2024.10.18,"'그린리소스, , 코츠테크놀로지' 클라쓰 올릴 종...",https://news.mtn.co.kr/news-detail/2024101805470893172
STX엔진,2024.10.18,"① 잘 나간다는 K-방산, 장·단기 유의 포인트 관리 필요",http://www.hansbiz.co.kr/news/articleView.html?idxno=716102
STX엔진,2024.10.19,자주포 엔진 국산화 이어 친환경 선박엔진으로 도약,https://www.pinpointnews.co.kr/news/articleView.html?idxno=294197
STX엔진,2024.10.19,"HD현대마린엔진, 선박 엔진 시장 선도하며 조선업 사이클과 동행",https://www.pinpointnews.co.kr/news/articleView.html?idxno=294196
STX엔진,2024.10.20,'정체기' 주식시장서 이마트ㆍ네이버ㆍ현대로템에 주목해야 하...,https://www.financialpost.co.kr/news/articleView.html?idxno=214533
STX엔진,2024.10.20,국내·외 실적 개선 기대감...저평가주 주목,http://www.fnnews.com/news/202410200756059562
STX엔진,2024.10.21,한일단조 주가 호호...첨단 정밀 부품으로 자동차·방산 시장 공략,https://www.pinpointnews.co.kr/news/articleView.html?idxno=294434
STX엔진,2024.10.22,에이스테크 주가 폭등랠리...외국인은 18만주 이상 대량매수,https://www.pinpointnews.co.kr/news/articleView.html?idxno=294664
STX엔진,2024.10.23,파이버프로 주가 폭등... 천궁-II 생산 관련 핵심 역할 부각,https://www.pinpointnews.co.kr/news/articleView.html?idxno=294773
STX엔진,2024.10.24,카티스 주가 신바람났네...국가보안 1급 시설 보안 강화 필요성 대두,https://www.pinpointnews.co.kr/news/articleView.html?idxno=295162
STX엔진,2024.10.24,유암코 운용자산 6조 돌파,http://www.fnnews.com/news/202410241807123097
STX엔진,2024.10.25,2024년 ESG 지배구조 등급 기업별 등급,https://www.smarttoday.co.kr/news/articleView.html?idxno=62751
STX엔진,2024.10.25,2024년 ESG 사회 등급 기업별 등급,https://www.smarttoday.co.kr/news/articleView.html?idxno=62746
STX엔진,2024.10.25,아모레퍼시픽그룹 등 23개사 ESG 통합등급 A+,https://www.smarttoday.co.kr/news/articleView.html?idxno=62726
STX엔진,2024.10.27,아이쓰리시스템 주가 방긋... 방산용 비냉각형 센서 사업 본격화,https://www.pinpointnews.co.kr/news/articleView.html?idxno=295594
STX엔진,2024.10.29,HD현대마린솔루션 주가 기세등등...이중연료엔진 등 친환경 선박 부품 ...,https://www.pinpointnews.co.kr/news/articleView.html?idxno=296101
STX엔진,2024.10.29,"유암코, 3000억 회사채 3.5% 아래 발행",http://www.fnnews.com/news/202410291343172547
STX엔진,2024.10.29,"코스피 장중 외국인 순매도에 하락 2600선, 코스닥도 빠져 730선",https://www.businesspost.co.kr/BP?command=article_view&num=370653
STX엔진,2024.10.29,웨이비스 주가 파죽지세... 국내 유일 질화갈륨(GaN) RF 반도체사 성장 ...,https://www.pinpointnews.co.kr/news/articleView.html?idxno=296040
STX엔진,2024.10.30,"주가 급락…최대주주 유암코, 보유지분 일부 매각",http://www.thebigdata.co.kr/view.php?ud=202410300733223667cd1e7f0bdf_23
STX엔진,2024.10.30,한화에어로향 매출 462% 폭증  K의 방산의 ...,https://news.mtn.co.kr/news-detail/2024103011460783917
STX엔진,2024.10.30,"유암코, 구조조정 투자 결실 맺나… 포트폴리오사 엑시트 채비",https://biz.chosun.com/stock/market_trend/2024/10/30/WPZPH2T26FCKTHNSMVJTBP6P4E/?utm_source=naver&utm_medium=original&utm_campaign=biz
STX엔진,2024.10.31,카티스 주가 훨훨...북한군 드론 전투 훈련 부족 피해 규모는?,https://www.pinpointnews.co.kr/news/articleView.html?idxno=296540
STX엔진,2024.10.31,"“한화에어로스페이스·한화시스템, 방산 부문 약방의 감초”",https://weekly.donga.com/3/all/11/5256349/1
STX엔진,2024.10.31,경남중기청 방산 수출입제도 교육 실시,http://www.gndomin.com/news/articleView.html?idxno=411622
STX엔진,2024.10.31,"경남중기청, 방산수출입제도 상담회 개최",http://www.gnmaeil.com/news/articleView.html?idxno=551124
STX엔진,2024.11.01,삼현 주가 폭등랠리...100% 명중률 자랑 레이저 방어 시스템 '블록-1' 도...,https://www.pinpointnews.co.kr/news/articleView.html?idxno=296817
STX엔진,2024.11.01,"전기연구원 수소전기연구팀, 액체수소용 안전밸브 성능 평가 장치 개발",https://www.kukinews.com/article/view/kuk202411010157
STX엔진,2024.11.02,HD한국조선해양 3분기 실적 호조... 조선업 실적 개선 지속 전망,https://www.pinpointnews.co.kr/news/articleView.html?idxno=296898
STX엔진,2024.11.03,"한화시스템, 방산 부문 호조로 3분기 실적 개선... 필리조선소 우려 상...",https://www.pinpointnews.co.kr/news/articleView.html?idxno=296992
STX엔진,2024.11.04,“지역경제·사회 발전 헌신에 감사드립니다”,http://www.knnews.co.kr/news/articleView.php?idxno=1445791
STX엔진,2024.11.04,"창원상공회의소, 2024 창원상공대상 수상자 발표",https://www.newsis.com/view/NISX20241103_0002944630
STX엔진,2024.11.04,"HD현대중공업, 조선 상장기업 브랜드평판 11월...1위",http://www.beyondpost.co.kr/view.php?ud=20241104085458312046a9e4dd7f_30
STX엔진,2024.11.04,"HD현대중공업, 조선 상장기업 브랜드평판 11월 1위…평판지수 19.74%↑",http://www.thebigdata.co.kr/view.php?ud=20241104064946745807d270612f_23
STX엔진,2024.11.04,"조선 상장기업 브랜드평판 11월 1위 HD현대중공업, 2위 HD한국조선해양...",https://www.pinpointnews.co.kr/news/articleView.html?idxno=297066
STX엔진,2024.11.04,"HD현대중공업, 조선 상장기업 11월 1위···HD한국조선해...",https://www.enetnews.co.kr/news/articleView.html?idxno=30984
STX엔진,2024.11.04,"조선 상장기업 11월 브랜드평판...HD현대중공업, HD한국조선해양, 한화오...",https://www.energy-news.co.kr/news/articleView.html?idxno=207210
STX엔진,2024.11.04,"조선 상장기업 2024년 11월 브랜드평판...1위 HD현대중공업, 2위 HD한국조...",https://www.thefairnews.co.kr/news/articleView.html?idxno=35261
STX엔진,2024.11.05,"경남 창원상공회의소, 2024 창원상공대상 수상자 발표",http://www.econonews.co.kr/news/articleView.html?idxno=360650
STX엔진,2024.11.05,HD한국조선해양 등 조선주 '장중 강세'...증권가 진단은?,http://www.choicenews.co.kr/news/articleView.html?idxno=137730
STX엔진,2024.11.06,"삼현, 15% 급등…다시 달리나?",https://www.yeongnam.com/web/view.php?key=20241106021262144
STX엔진,2024.11.06,"美 대선, 트럼프 앞서자 관련주 '들썩' 2차전지·반도체↓재건·방산↑",https://www.foodneconomy.com/news/articleView.html?idxno=364791
STX엔진,2024.11.06,HD현대미포 주가 힘찬 뱃노래...선종 구성 개선과 생산능력 확대 주목,https://www.pinpointnews.co.kr/news/articleView.html?idxno=297738
STX엔진,2024.11.07,주가 기세등등...한화에어로스페이스에 엔진 공급 매출 급증 실...,https://www.pinpointnews.co.kr/news/articleView.html?idxno=297961
STX엔진,2024.11.07,트럼프 “협력 필요” 한마디에 조선株 급등,https://biz.chosun.com/stock/stock_general/2024/11/07/7MKYPIQYAFFKTH736RMX7DXQQA/?utm_source=naver&utm_medium=original&utm_campaign=biz
STX엔진,2024.11.07,"가상자산, 방산 등 '수혜주' 방긋",http://www.shinailbo.co.kr/news/articleView.html?idxno=1957640
STX엔진,2024.11.07,"트럼프 ""韓 조선업계와 협력 필요"" 한 마디에 조선주 ...",https://www.econovill.com/news/articleView.html?idxno=672533
STX엔진,2024.11.07,"한화오션, 트럼프 당선 훈풍에 주가 급등… 한미 조선업 협력...",https://www.widedaily.com/news/articleView.html?idxno=250306
STX엔진,2024.11.07,트럼프 훈풍?...한화오션 등 조선주 '장중 껑충',http://www.choicenews.co.kr/news/articleView.html?idxno=137873
STX엔진,2024.11.07,"트럼프 ""美 조선업, 韓에 SOS""…K-조선주 강세",https://www.foodneconomy.com/news/articleView.html?idxno=364867
STX엔진,2024.11.07,현대힘스·일승·오리엔탈정공·HD현대중공업·케이에스피 등 조선株 일...,https://www.yeongnam.com/web/view.php?key=20241107020312212
STX엔진,2024.11.07,웨이비스 주가 덩실덩실... '차세대 방공무기체계 레이더용 X-대역 FEM 주...,https://www.pinpointnews.co.kr/news/articleView.html?idxno=297996
STX엔진,2024.11.07,현대힘스 주가 콧노래...HD한국조선해양 자산 인수 실적개선 '모락모락...,https://www.pinpointnews.co.kr/news/articleView.html?idxno=297917
STX엔진,2024.11.11,창원 70년 향토서점 '학문당'…2024 상공대상 특별상 받았다,https://www.yna.co.kr/view/AKR20241111093900052?input=1195m
STX엔진,2024.11.11,"제노포커스 주가 두둥실...KAI, 제노코 경영권 인수이후 전망은?",https://www.pinpointnews.co.kr/news/articleView.html?idxno=298737
STX엔진,2024.11.11,"해양교통안전공단, 친환경 해운 정책 공유…탄소중립 목표 달성",https://www.newsis.com/view/NISX20241111_0002953740
STX엔진,2024.11.11,2024 창원상공대상 시상식,http://www.gnmaeil.com/news/articleView.html?idxno=551749
STX엔진,2024.11.11,개도국에 선박 탈탄소 대응 교육 계속,https://www.naeil.com/news/read/528501?ref=naver
STX엔진,2024.11.11,"KOMSA, 한국 친환경 해운정책 기후취약국에 전수",http://www.mhj21.com/163353
STX엔진,2024.11.11,"KOMSA, 개도국 해운 공무원 대상 선박 온실가스 감축 역량 교육",https://www.dailian.co.kr/news/view/1427408/?sc=Naver
STX엔진,2024.11.11,"코스피, 외인·기관 매도에 밀려 2540선 밑돌아…LG엔솔 5.9%↑",https://www.hankyung.com/article/2024111132756
STX엔진,2024.11.11,"해양교통안전공단, 친환경 해운 정책 공유…탄소중립 목표 달성",https://www.widedaily.com/news/articleView.html?idxno=250502
STX엔진,2024.11.11,"현대힘스 주가 덩실덩실...트럼프 ""자국 조선업에 한국의 도움과 협력 ...",https://www.pinpointnews.co.kr/news/articleView.html?idxno=298572
STX엔진,2024.11.12,기계業 주식종목 시총 성적에 누가 웃고 울었을까?…한...,https://www.greened.kr/news/articleView.html?idxno=320237
STX엔진,2024.11.12,2024 창원상공대상 시상식…2개 기업·6명 특별상 등 수상,https://www.nocutnews.co.kr/news/6242604?utm_source=naver&utm_medium=article&utm_campaign=20241112092507
STX엔진,2024.11.12,2024 창원상공대상 시상식 개최,https://mbcgn.kr/01_new/new01_view.asp?idx=394909
STX엔진,2024.11.12,트럼프 당선되자 '이것'부터 샀다…하락장도 피해간 국민연금,https://view.asiae.co.kr/article/2024111116163909620
STX엔진,2024.11.12,"KOMSA, '선박 온실가스 감축규제 대응 역량 교육' 성황리 마쳐",https://www.klnews.co.kr/news/articleView.html?idxno=314530
STX엔진,2024.11.12,전국서 가장 오래 된 서점 '학문당' 2024 상공대상 특별상 받았다,https://www.newsgn.com/news/articleView.html?idxno=449081
STX엔진,2024.11.12,"한국해양교통안전공단, '한국의 친환경 선박 정책' 기후취약국으로 확산...",https://www.cstimes.com/news/articleView.html?idxno=618747
STX엔진,2024.11.12,"일승 주가 함박웃음... 트럼프 ""미국 조선업 부활 위해 한국과 협력 강...",https://www.pinpointnews.co.kr/news/articleView.html?idxno=298925
STX엔진,2024.11.13,K2전차 부품 車의 2배… K방산은 ‘新성장엔진’,https://www.donga.com/news/Economy/article/all/20241113/130415270/2
STX엔진,2024.11.13,"국민연금 국내 주식 장바구니…건설·증권 늘리고, 바이오는 줄이고",https://www.etoday.co.kr/news/view/2419016
STX엔진,2024.11.14,한화오션 주가 싱글벙글...미국 해군 함정 유지보수 사업 대박 노린다,https://www.pinpointnews.co.kr/news/articleView.html?idxno=299428
STX엔진,2024.11.14,HD현대마린솔루션 주가 콧노래... 트럼트의 미국 조선업 분야 한미 협력...,https://www.pinpointnews.co.kr/news/articleView.html?idxno=299486
STX엔진,2024.11.16,TYM vs …다음 주 부자 종목은?,https://news.mtn.co.kr/news-detail/2024111612033468941
STX엔진,2024.11.16,"""애플 팔고 '1조' 쏟아부은 종목이…"" 워런 버핏의 '파격'",https://www.hankyung.com/article/202411155190i
STX엔진,2024.11.17,"거인의 투자법…버핏 도미노피자 매수, 달리오는 아마존 처분",https://www.hankyung.com/article/2024111768761
STX엔진,2024.11.19,"'K9 자주포 엔진 국산화'  ""독자 엔진 개발사로 탈바꿈""",https://biz.chosun.com/industry/company/2024/11/19/WTRVC7KNLBFCBOGRTYD5TXQYK4/?utm_source=naver&utm_medium=original&utm_campaign=biz
STX엔진,2024.11.19,"수익률 8%, 1000조 굴리는 국민연금 뭘 담았을까?",https://www.rcast.co.kr/news/articleView.html?idxno=26204
STX엔진,2024.11.20,LNG DF 공급 물량 확대 전망 '',https://news.mtn.co.kr/news-detail/2024112017225433059
STX엔진,2024.11.20,한일단조 주가 폭등랠리... 푸틴의 핵교리 승인으로 긴장 고조,https://www.pinpointnews.co.kr/news/articleView.html?idxno=300610
STX엔진,2024.11.20,"해양분야 스타트업 기술사업화 토론의 장…RIMS, 26일 서울서 기술 포럼...",https://www.news1.kr/economy/trend/5605415
STX엔진,2024.11.22,"HD현대중공업, 페루 국영 조선소와 '산업 로드쇼' 개최",https://www.newsis.com/view/NISX20241122_0002969178
STX엔진,2024.11.22,"HD현대중공업, 페루 국영조선소서 ‘산업 로드쇼’ 개최",https://www.fetv.co.kr/news/article.html?no=180563
STX엔진,2024.11.22,"""4.7조 급성장 시장서 순항""…HD현대重, 페루서 함정 사업 교두보 확보 ...",https://www.financialpost.co.kr/news/articleView.html?idxno=216274
STX엔진,2024.11.22,"HD현대중공업, '2024 페루 산업 로드쇼' 개최...""중남미 함정 시장 교두...",http://www.industrynews.co.kr/news/articleView.html?idxno=57275
STX엔진,2024.11.22,"HD현대중공업, 페루서 '산업 로드쇼' 개최…중남미 방산시장 교두보 구...",https://www.goodkyung.com/news/articleView.html?idxno=251789
STX엔진,2024.11.22,"HD현대중, 페루서 '산업 로드쇼'…중남미 방산시장 교두보 구축",https://www.socialvalue.kr/news/view/1065580046709716
STX엔진,2024.11.22,"HD현대重, 남미 페루서 '산업 로드쇼' 개최",https://www.cstimes.com/news/articleView.html?idxno=620802
STX엔진,2024.11.22,"HD현대중공업, 페루 국영 조선소와 '산업 로드쇼' 개최",https://www.widedaily.com/news/articleView.html?idxno=251800
STX엔진,2024.11.22,"""중남미 방산 시장 개척""...HD현대重, 페루서 '산업 로드쇼'",http://www.4th.kr/news/articleView.html?idxno=2073794
STX엔진,2024.11.22,"성광밴드·일승 급등, 세진중공업·태광·인화정공 등 조선기자재 관련...",https://www.yeongnam.com/web/view.php?key=20241122024012673
STX엔진,2024.11.22,"HD현대重, 페루서 '산업 로드쇼'…중남미 함정 시장 넓힌다",http://www.whitepaper.co.kr/news/articleView.html?idxno=240315
STX엔진,2024.11.23,"기아, 미국 관세 부과에도 견고한 실적 전망… 주가 저평가 심화",https://www.pinpointnews.co.kr/news/articleView.html?idxno=301290
STX엔진,2024.11.24,HD현대重 페루 국영 조선소와'산업 로드쇼',http://www.ujeil.com/news/articleView.html?idxno=357914
STX엔진,2024.11.24,"중남미까지 쾌속···HD현대중, 34억달러 방산 시장 잡는다",https://www.iusm.co.kr/news/articleView.html?idxno=1047258
STX엔진,2024.11.24,"HD현대重, 페루서 ‘산업 로드쇼’ 개최, 현지·국내 파트너십 구축 방...",https://m.skyedaily.com/news_view.html?ID=254069
STX엔진,2024.11.24,"HD현대중공업, 중남미 함정시장 넓히기 순항",https://www.ulsanpress.net/news/articleView.html?idxno=539964
STX엔진,2024.11.25,"HD현대重, 시마조선소(페루 국영 조선소)와 '페루 산업 로드쇼'",https://www.ksilbo.co.kr/news/articleView.html?idxno=1014307
STX엔진,2024.11.25,"HD현대중, 페루서 중남미 방산 시장 교두보 확보",http://web.ubc.co.kr/wp/archives/116794
STX엔진,2024.11.25,오리엔탈정공 주가 욱일승천... 영업이익 등 실적호전 지속 '모락모락',https://www.pinpointnews.co.kr/news/articleView.html?idxno=301553
STX엔진,2024.11.26,"위츠, 대한항공, 방산 관련주",https://www.foodneconomy.com/news/articleView.html?idxno=401408
STX엔진,2024.11.27,세계 첫 '암모니아·디젤 혼소 선박' 경남 바다 떴다,https://www.newsis.com/view/NISX20241127_0002974974
STX엔진,2024.11.27,경남서 세계 첫 ‘암모니아+디젤 선박’ 진수,http://www.knnews.co.kr/news/articleView.php?idxno=1447738
STX엔진,2024.11.27,경남 고성서 이산화탄소 배출 줄이는 암모니아 연료 시험선 진수,https://www.yna.co.kr/view/AKR20241127035100052?input=1195m
STX엔진,2024.11.27,경남 고성서 국내최초 암모니아 연료 시험선 진수,https://www.mk.co.kr/article/11179561
STX엔진,2024.11.27,'암모니아 연료추진선' 진수…경남 고성서 실증 본격 돌입,https://www.hankyung.com/article/2024112787871
STX엔진,2024.11.27,경남 고성서 국내 첫 암모니아 연료 시험선 진수,https://www.sedaily.com/NewsView/2DH0C3B00O
STX엔진,2024.11.27,'암모니아 디젤 혼소 연료추진 선박' 내년부터 실증 돌입,https://www.nocutnews.co.kr/news/6250991?utm_source=naver&utm_medium=article&utm_campaign=20241127024501
STX엔진,2024.11.28,K방산 훈풍에 '방긋'...기관 ...,https://www.thebell.co.kr/free/content/ArticleView.asp?key=202411251003306160102593
STX엔진,2024.11.28,트럼프 관세 위협에도 ‘조선주’는 굳건 한화오션 1위 [주식 초고수는...,https://www.sedaily.com/NewsView/2DH0RPNDD9
STX엔진,2024.11.28,선박도 탈탄소..세계 최초 암모니아 디젤 혼소 선박 진수,https://mbcgn.kr/01_new/new01_view.asp?idx=395338
STX엔진,2024.11.29,눈부신 턴어라운드에도 현금...,https://www.thebell.co.kr/free/content/ArticleView.asp?key=202411261021361800106265
STX엔진,2024.11.29,"제노코, 3분기 최대 매출 기록 실적 성장세 지속… 4분기 실적 기대",https://www.pinpointnews.co.kr/news/articleView.html?idxno=302541
STX엔진,2024.12.01,휴니드 주가 돌연 벌떡...'TICN체계 성과기반군수지원(PBL) 사업' 수주 부...,https://www.pinpointnews.co.kr/news/articleView.html?idxno=302931
STX엔진,2024.12.02,하나증권 방산 담당 연구원 “트럼프가 정말 국방예산 삭감할...,https://biz.chosun.com/stock/stock_general/2024/12/02/6I7CGIW2OZB4XLGE5PFT3V5OQY/?utm_source=naver&utm_medium=original&utm_campaign=biz
STX엔진,2024.12.03,"HD현대중공업, 조선 상장기업 브랜드평판 12월...1위",http://www.beyondpost.co.kr/view.php?ud=20241203085302426946a9e4dd7f_30
STX엔진,2024.12.03,"HD현대중공업, 조선 상장기업 브랜드평판 12월 1위",http://www.thebigdata.co.kr/view.php?ud=20241203065235420707d270612f_23
STX엔진,2024.12.03,‘K-방산 미래혁신포럼’…5일 경남 창원컨벤션센터에서 개최,https://www.busan.com/view/busan/view.php?code=2024120311284600878
STX엔진,2024.12.03,"조선 상장기업 브랜드평판 12월 1위 HD현대중공업, 2위 HD한국조선해양...",https://www.pinpointnews.co.kr/news/articleView.html?idxno=303341
STX엔진,2024.12.03,"HD현대重, 12월 조선 상장사 중 가장 주목…한화오션은 전월比 평판지수...",http://www.popcornnews.net/news/articleView.html?idxno=69509
STX엔진,2024.12.03,"조선 상장기업 12월 브랜드평판...HD현대중공업, HD한국조선해양, 한화오...",https://www.energy-news.co.kr/news/articleView.html?idxno=208348
STX엔진,2024.12.03,창원에서 K-방산 미래혁신포럼 열린다,https://www.idomin.com/news/articleView.html?idxno=925792
STX엔진,2024.12.03,"HD현대중공업, 조선 상장기업 12월 1위···HD한국조선해...",https://www.enetnews.co.kr/news/articleView.html?idxno=32178
STX엔진,2024.12.03,"조선 상장기업 12월 브랜드평판...1위 HD현대중공업, 2위 HD한국조선해양...",https://www.thefairnews.co.kr/news/articleView.html?idxno=36982
STX엔진,2024.12.03,"美 훈풍, 코스피 '급등'...SK하이닉스 · 금융지주 '껑충'",http://www.choicenews.co.kr/news/articleView.html?idxno=139158
STX엔진,2024.12.04,"창원시·MBC경남, K-방산 미래혁신포럼 5일 연다",https://www.newsis.com/view/NISX20241204_0002983927
STX엔진,2024.12.04,"K-방산, 세계 4대 방산 강국 도약 과제는…미래혁신포럼 개최",https://www.nocutnews.co.kr/news/6255147?utm_source=naver&utm_medium=article&utm_campaign=20241204025435
STX엔진,2024.12.04,창원서 'K-방산 미래혁신포럼' 개최,https://www.gnnews.co.kr/news/articleView.html?idxno=601180
STX엔진,2024.12.05,"K-방산의 현재와 미래, 경남에서 심층적 논의의 장 열려",https://www.pointdaily.co.kr/news/articleView.html?idxno=227463
STX엔진,2024.12.05,'K-방산 현재와 미래' 경남서 심층적 논의의 장 열려,http://www.gndomin.com/news/articleView.html?idxno=416003
STX엔진,2024.12.05,세계 4대 방산 수출국 도약위한 ‘K-방산 미래혁신포럼’ 창원서 개최,https://www.munhwa.com/news/view.html?no=2024120501039927109002
STX엔진,2024.12.05,경남 방산기업 미국 국방조달시장 문 두드려야,https://www.idomin.com/news/articleView.html?idxno=926072
STX엔진,2024.12.06,수주 촉각...HD한국조선해양 등 조선주 '장중 급락',http://www.choicenews.co.kr/news/articleView.html?idxno=139358
STX엔진,2024.12.10,카타르·영국 운송회사와 813억 '엔진 유지보수' 계약,https://www.bloter.net/news/articleView.html?idxno=627934
STX엔진,2024.12.10,"'유암코 체제' , 독립성 제고 여지 남겨",https://www.thebell.co.kr/free/content/ArticleView.asp?key=202412051039094280108026
STX엔진,2024.12.10,12월 K-조선 브랜드평판지수…부동의 1위 HD현대중공업,https://www.ezyeconomy.com/news/articleView.html?idxno=205433
STX엔진,2024.12.11,"주가 급등…""카타르에 영국까지"" 선박엔진 유지보수 계약 체결",http://www.thebigdata.co.kr/view.php?ud=202412110639351906cd1e7f0bdf_23
STX엔진,2024.12.11,"국영지앤엠 주가 덩실덩실...건축, 철도, 자동차 등 다양한 산업 분야 두...",https://www.pinpointnews.co.kr/news/articleView.html?idxno=305567
STX엔진,2024.12.11,"계엄 불똥 맞은 조선株, 최대 호황 기대로 주가 반등",https://view.asiae.co.kr/article/2024121115162629359
STX엔진,2024.12.11,12월 10일 주식시장 주요 공시,https://www.nbnews.kr/news/articleView.html?idxno=101671
STX엔진,2024.12.11,"코스피 저가 매수세에 이틀 연속 상승 2440선 위로, 코스닥도 2% 넘게 올...",https://www.businesspost.co.kr/BP?command=article_view&num=376281
STX엔진,2024.12.12,"HD현대중공업, K-조선 브랜드평판 1위 희소식 연이어",https://www.startuptoday.co.kr/news/articleView.html?idxno=383209
STX엔진,2024.12.14,"대성하이텍, 사업 다각화 성공에도 실적 부진…수익성 개선 여부 주목",https://www.pinpointnews.co.kr/news/articleView.html?idxno=306289
STX엔진,2024.12.16,"위경재 하나증권 선임연구원 | ""트럼프, 국방예산 삭감할까...",https://economychosun.com/site/data/html_dir/2024/12/06/2024120600019.html
STX엔진,2024.12.17,시민이 뽑은 2024년 창원시 최고 정책은 고급 간선급행버스체계(S-BRT) 정...,https://www.newsgn.com/news/articleView.html?idxno=456080
STX엔진,2024.12.17,시민이 뽑은 2024년 창원시 최고 정책은 '고급 간선급행버스체계(S-BRT) ...,https://www.newsfreezone.co.kr/news/articleView.html?idxno=600993
STX엔진,2024.12.18,'조선·기자재' VS '유리기판',https://news.mtn.co.kr/news-detail/2024121816585967841
STX엔진,2024.12.19,HD현대마린엔진·오리엔탈정공·삼영엠텍 등 조선주 강세,https://www.yeongnam.com/web/view.php?key=20241219024513462
STX엔진,2024.12.19,올해 창원시정 10대 뉴스 1위 'S-BRT 정착',http://www.gnmaeil.com/news/articleView.html?idxno=554311
STX엔진,2024.12.19,태광 주가 폭등랠리...미국 액화천연가스 수출 터미널 투자 재개,https://www.pinpointnews.co.kr/news/articleView.html?idxno=307469
STX엔진,2024.12.19,"코스피 미국 FOMC 여파에 2% 가까이 하락 2430선, 코스닥도 밀려 680선",https://www.businesspost.co.kr/BP?command=article_view&num=377379
STX엔진,2024.12.21,"케이프, 선박 엔진의 심장 '실린더 라이너' 국산화 선도하며 성장 가속...",https://www.pinpointnews.co.kr/news/articleView.html?idxno=308005
STX엔진,2024.12.23,"한화엔진 주가 불꽃랠리... ""내년부터 이익 성장이 더욱 빨라질 것""",https://www.pinpointnews.co.kr/news/articleView.html?idxno=308307
STX엔진,2024.12.23,'조선·기자재' VS 'CES 2025',https://news.mtn.co.kr/news-detail/2024122316575428727
STX엔진,2024.12.23,美 선박법 훈풍?...한국증시 조선주 '장중 급등',http://www.choicenews.co.kr/news/articleView.html?idxno=140278
STX엔진,2024.12.23,②첫 지방 개최 KADEX,https://www.goodmorningcc.com/news/articleView.html?idxno=411321
STX엔진,2024.12.23,HJ중공업 주가 폭등랠리...해군 신형고속정 4척을 추가 수주로 실적개선...,https://www.pinpointnews.co.kr/news/articleView.html?idxno=308295
STX엔진,2024.12.23,대원전선 주가 활짝... 미국 전력청 전선 테스트 참여 수주 가능성,https://www.pinpointnews.co.kr/news/articleView.html?idxno=308297
STX엔진,2024.12.26,"HD현대중공업, 역대 신고가…HD한국조선해양·한화엔진 52주 최고가 등 ...",https://www.yeongnam.com/web/view.php?key=20241226026423767
STX엔진,2024.12.26,미국·인도 러브콜에 조선주 '랠리'…빅3 강세,https://www.news1.kr/finance/general-stock/5643439
STX엔진,2024.12.26,인도 러브콜·고환율 수혜 HD현대중공업 6% 상승…상장 이후 최고가 [특...,https://www.sedaily.com/NewsView/2DI9S14MUD
STX엔진,2024.12.26,HD현대重 역대 최고가…美·印 '러브콜'에 조선株 '줄신고가'(종합),https://www.yna.co.kr/view/AKR20241226034451008?input=1195m
STX엔진,2024.12.26,진격의 K-방산…‘인재 모시기’도 더 치열해졌다,https://www.mk.co.kr/article/11203844
STX엔진,2024.12.26,"""인도도 러브콜""…HD현대중공업, 52주 신고가 또 경신",https://www.dt.co.kr/contents.html?article_no=2024122602109963062004&ref=naver
STX엔진,2024.12.26,HD현대重 오늘도 신고가… 조선株 랠리 이어져,https://biz.chosun.com/stock/stock_general/2024/12/26/4HXZXSWCUJCT3HMRPJJ2BSZQ4U/?utm_source=naver&utm_medium=original&utm_campaign=biz
STX엔진,2024.12.26,HD현대중공업 '역대 최고가'.. 조선주 강세,http://www.g-enews.com/ko-kr/news/article/news_all/20241226093819215844093b5d4e_1/article.html
STX엔진,2024.12.26,"尹정부 前 해수·환경차관, 산하 공공기관장으로",https://www.sedaily.com/NewsView/2DI9REMCAY
STX엔진,2024.12.26,진격의 K방산…인재 영입 전쟁,https://www.mk.co.kr/article/11204212
STX엔진,2024.12.27,"HD현대중공업, 사상 최고가 경신… 조선주 주가 고공행진에 올라탈까",https://www.pinpointnews.co.kr/news/articleView.html?idxno=309213
STX엔진,2024.12.29,"지회, 경남종합사회복지관에 후원금 기부",https://www.newsgn.com/news/articleView.html?idxno=458550
STX엔진,2024.12.29,"지회, 경남종합사회복지관에 후원금 기부",http://www.gndomin.com/news/articleView.html?idxno=418758
STX엔진,2024.12.29,대양전기공업 주가에 올라탈까...53번째 '명문장수기업' 선정 실저개선...,https://www.pinpointnews.co.kr/news/articleView.html?idxno=309706
